crash_date,latitude,longitude,num_of_ped_injured
2023/01/02 00:00:00.000,40.867012,-73.92312,19
2023/01/03 00:00:00.000,40.842438,-73.93926,1
2023/01/03 00:00:00.000,40.73602,-73.98228,1
2023/01/03 00:00:00.000,40.78519,-73.94934,1
2023/01/03 00:00:00.000,40.799984,-73.944855,1
2023/01/03 00:00:00.000,40.72369,-73.97604,1
2023/01/04 00:00:00.000,40.81348,-73.937065,1
2023/01/04 00:00:00.000,40.79292,-73.94579,1
2023/01/04 00:00:00.000,40.737263,-73.99874,1
2023/01/04 00:00:00.000,40.757637,-73.96342,1
2023/01/04 00:00:00.000,0,0,1
2023/01/04 00:00:00.000,0,0,2
2023/01/05 00:00:00.000,40.76684,-73.98722,1
2023/01/05 00:00:00.000,40.823257,-73.94293,1
2023/01/05 00:00:00.000,0,0,1
2023/01/05 00:00:00.000,40.751522,-73.98023,1
2023/01/05 00:00:00.000,40.75168,-73.977684,1
2023/01/05 00:00:00.000,0,0,1
2023/01/05 00:00:00.000,0,0,1
2023/01/05 00:00:00.000,0,0,1
2023/01/05 00:00:00.000,0,0,1
2023/01/06 00:00:00.000,40.84784,-73.93953,1
2023/01/06 00:00:00.000,40.760155,-73.9988,1
2023/01/06 00:00:00.000,40.85711,-73.93561,1
2023/01/07 00:00:00.000,40.758373,-73.971,1
2023/01/07 00:00:00.000,40.723118,-74.00624,1
2023/01/07 00:00:00.000,40.76285,-73.967735,1
2023/01/08 00:00:00.000,40.79505,-73.93317,1
2023/01/08 00:00:00.000,40.81339,-73.95627,1
2023/01/09 00:00:00.000,40.726646,-74.000175,1
2023/01/09 00:00:00.000,40.789948,-73.94293,1
2023/01/09 00:00:00.000,40.810173,-73.95117,1
2023/01/09 00:00:00.000,40.759525,-73.99925,1
2023/01/10 00:00:00.000,40.779396,-73.95063,1
2023/01/11 00:00:00.000,40.748302,-73.97835,1
2023/01/11 00:00:00.000,40.766167,-73.954254,1
2023/01/11 00:00:00.000,40.796665,-73.93098,1
2023/01/11 00:00:00.000,40.738686,-73.99588,1
2023/01/12 00:00:00.000,40.781273,-73.976006,1
2023/01/12 00:00:00.000,40.737553,-73.97806,1
2023/01/12 00:00:00.000,40.72224,-73.9863,1
2023/01/12 00:00:00.000,40.727093000000004,-73.99156,1
2023/01/12 00:00:00.000,40.779434,-73.94752,1
2023/01/12 00:00:00.000,40.84984,-73.934975,1
2023/01/12 00:00:00.000,40.838688,-73.93779,1
2023/01/13 00:00:00.000,40.834972,-73.94423,1
2023/01/13 00:00:00.000,40.784462,-73.97737,1
2023/01/13 00:00:00.000,40.76311,-73.962524,1
2023/01/13 00:00:00.000,40.811565,-73.942726,1
2023/01/13 00:00:00.000,40.848118,-73.93089,1
2023/01/13 00:00:00.000,40.71738,-73.99131,1
2023/01/14 00:00:00.000,40.718792,-73.98902,1
2023/01/14 00:00:00.000,40.81728,-73.938545,1
2023/01/14 00:00:00.000,40.74715,-73.985504,1
2023/01/14 00:00:00.000,40.76944,-73.951866,1
2023/01/14 00:00:00.000,40.709835,-74.014885,1
2023/01/15 00:00:00.000,40.709152,-74.01055,1
2023/01/15 00:00:00.000,40.805508,-73.96201,1
2023/01/15 00:00:00.000,40.790936,-73.968925,1
2023/01/15 00:00:00.000,40.742355,-73.98369,1
2023/01/16 00:00:00.000,40.780853,-73.95672,1
2023/01/16 00:00:00.000,40.80822,-73.9545,1
2023/01/16 00:00:00.000,40.867012,-73.92312,1
2023/01/17 00:00:00.000,40.753906,-73.99962,1
2023/01/17 00:00:00.000,40.722977,-74.005066,1
2023/01/17 00:00:00.000,40.75587,-73.972824,1
2023/01/17 00:00:00.000,40.744495,-73.98112,1
2023/01/17 00:00:00.000,40.773598,-73.9578,1
2023/01/18 00:00:00.000,40.810856,-73.939026,1
2023/01/18 00:00:00.000,40.814556,-73.96249,1
2023/01/18 00:00:00.000,40.76661,-73.965,1
2023/01/18 00:00:00.000,40.767242,-73.986206,1
2023/01/18 00:00:00.000,0,0,1
2023/01/18 00:00:00.000,40.8468,-73.931854,1
2023/01/19 00:00:00.000,40.84787,-73.93641,1
2023/01/19 00:00:00.000,40.75458,-73.99915,1
2023/01/19 00:00:00.000,40.793816,-73.94012,1
2023/01/19 00:00:00.000,40.76838,-73.99281,2
2023/01/19 00:00:00.000,40.77012,-73.95741,1
2023/01/19 00:00:00.000,40.801155,-73.959656,1
2023/01/19 00:00:00.000,40.758575,-73.98311,1
2023/01/19 00:00:00.000,40.75441,-73.96551,1
2023/01/19 00:00:00.000,40.793377,-73.97086,1
2023/01/19 00:00:00.000,40.783146,-73.97833,1
2023/01/19 00:00:00.000,40.80897,-73.94833,1
2023/01/19 00:00:00.000,40.77656,-73.95271,1
2023/01/19 00:00:00.000,40.821636,-73.93909,1
2023/01/19 00:00:00.000,40.808445,-73.945,1
2023/01/19 00:00:00.000,0,0,1
2023/01/19 00:00:00.000,40.865795,-73.920006,1
2023/01/19 00:00:00.000,40.828983,-73.93897,1
2023/01/20 00:00:00.000,40.753242,-73.96662,1
2023/01/20 00:00:00.000,40.758007,-73.96625,1
2023/01/20 00:00:00.000,40.756382,-73.96433,1
2023/01/21 00:00:00.000,40.73986,-73.995026,1
2023/01/21 00:00:00.000,40.820877,-73.94517,1
2023/01/21 00:00:00.000,40.86573,-73.9275,1
2023/01/22 00:00:00.000,40.730442,-73.98035,1
2023/01/22 00:00:00.000,40.76177,-73.979065,1
2023/01/22 00:00:00.000,40.77656,-73.95271,1
2023/01/22 00:00:00.000,40.73978,-73.97951,1
2023/01/22 00:00:00.000,40.705772,-74.00887,1
2023/01/23 00:00:00.000,40.773033,-73.9822,1
2023/01/23 00:00:00.000,40.725876,-73.97754,1
2023/01/23 00:00:00.000,40.806705,-73.952866,1
2023/01/23 00:00:00.000,40.814102,-73.940865,1
2023/01/23 00:00:00.000,40.736885,-73.978546,1
2023/01/24 00:00:00.000,40.709522,-74.00167,1
2023/01/24 00:00:00.000,40.749157,-73.9727,1
2023/01/24 00:00:00.000,40.751698,-73.97669,1
2023/01/24 00:00:00.000,40.80202,-73.94969,1
2023/01/25 00:00:00.000,40.769905,-73.98057,1
2023/01/25 00:00:00.000,40.747295,-73.97405,1
2023/01/25 00:00:00.000,40.71277,-73.98849,1
2023/01/25 00:00:00.000,40.80202,-73.94969,1
2023/01/25 00:00:00.000,40.73359,-74.00735,1
2023/01/25 00:00:00.000,40.73755,-74.00649,1
2023/01/25 00:00:00.000,40.806408,-73.94016,1
2023/01/25 00:00:00.000,40.799286,-73.945366,1
2023/01/25 00:00:00.000,40.71207,-73.996956,1
2023/01/25 00:00:00.000,40.741642,-73.97817,1
2023/01/26 00:00:00.000,40.79084,-73.97457,1
2023/01/26 00:00:00.000,40.730614,-73.98078,1
2023/01/26 00:00:00.000,40.74026,-73.990524,1
2023/01/26 00:00:00.000,40.716812,-73.99777,1
2023/01/26 00:00:00.000,0,0,1
2023/01/26 00:00:00.000,40.748245,-73.976295,1
2023/01/26 00:00:00.000,40.76661,-73.965,1
2023/01/26 00:00:00.000,40.760155,-73.9988,1
2023/01/27 00:00:00.000,40.80435,-73.95732,1
2023/01/28 00:00:00.000,40.732647,-74.00122,1
2023/01/28 00:00:00.000,40.731705,-74.00096,1
2023/01/28 00:00:00.000,40.713787,-73.98512,1
2023/01/28 00:00:00.000,40.75268,-74.002495,1
2023/01/28 00:00:00.000,40.785095,-73.97691,1
2023/01/28 00:00:00.000,40.86131,-73.92124,1
2023/01/30 00:00:00.000,40.810093,-73.95309,1
2023/01/30 00:00:00.000,40.83482,-73.9406,1
2023/01/30 00:00:00.000,40.72891,-74.000694,1
2023/01/30 00:00:00.000,40.757908,-73.9893,1
2023/01/30 00:00:00.000,40.758053,-73.98921,1
2023/01/31 00:00:00.000,40.76656,-73.99043,1
2023/01/31 00:00:00.000,40.719593,-73.986755,1
2023/01/31 00:00:00.000,40.833096,-73.94066,1
2023/01/31 00:00:00.000,40.748093,-73.99351,1
2023/01/31 00:00:00.000,40.801495,-73.9344,1
2023/02/01 00:00:00.000,40.79748,-73.94879,1
2023/02/01 00:00:00.000,40.74985,-73.987946,1
2023/02/01 00:00:00.000,40.716457,-74.002335,1
2023/02/01 00:00:00.000,40.73174,-73.99147,1
2023/02/01 00:00:00.000,40.799442,-73.95245,1
2023/02/01 00:00:00.000,40.711895,-73.99958,1
2023/02/02 00:00:00.000,40.787045,-73.97759,1
2023/02/02 00:00:00.000,40.70697,-74.00189,1
2023/02/02 00:00:00.000,40.76228,-73.99356,1
2023/02/03 00:00:00.000,40.748604,-73.97811,1
2023/02/03 00:00:00.000,40.803627,-73.963394,1
2023/02/03 00:00:00.000,40.807095,-73.945984,1
2023/02/03 00:00:00.000,40.732903,-73.986244,1
2023/02/03 00:00:00.000,40.802444,-73.938835,1
2023/02/04 00:00:00.000,40.7509,-73.99812,1
2023/02/04 00:00:00.000,40.718395,-73.9978,1
2023/02/05 00:00:00.000,40.802338,-73.95042,1
2023/02/05 00:00:00.000,40.732426,-74.00651,1
2023/02/05 00:00:00.000,0,0,1
2023/02/06 00:00:00.000,40.759884,-73.98788,1
2023/02/06 00:00:00.000,40.845703,-73.93316,1
2023/02/06 00:00:00.000,40.751793,-73.97688,1
2023/02/08 00:00:00.000,40.71431,-73.987175,1
2023/02/08 00:00:00.000,40.779922,-73.98068,1
2023/02/08 00:00:00.000,40.802444,-73.938835,1
2023/02/08 00:00:00.000,40.801865,-73.94136,1
2023/02/08 00:00:00.000,40.81339,-73.95627,1
2023/02/08 00:00:00.000,40.70623,-74.00317,1
2023/02/08 00:00:00.000,40.72247,-73.987144,1
2023/02/08 00:00:00.000,40.7795,-73.981636,1
2023/02/08 00:00:00.000,40.749725,-73.98363,1
2023/02/08 00:00:00.000,40.741356,-73.989136,1
2023/02/08 00:00:00.000,40.725773,-74.00091,1
2023/02/08 00:00:00.000,40.785786,-73.978546,1
2023/02/08 00:00:00.000,40.75728,-73.99721,1
2023/02/08 00:00:00.000,40.86811,-73.91976,2
2023/02/08 00:00:00.000,40.75831,-73.96294,1
2023/02/08 00:00:00.000,40.71908,-73.98508,1
2023/02/09 00:00:00.000,40.731544,-73.9992,1
2023/02/09 00:00:00.000,40.737885,-73.98091,1
2023/02/09 00:00:00.000,40.790997,-73.95143,1
2023/02/09 00:00:00.000,40.863018,-73.917564,1
2023/02/09 00:00:00.000,40.797215,-73.969925,1
2023/02/10 00:00:00.000,40.82138,-73.95414,1
2023/02/11 00:00:00.000,40.763588,-73.97142,1
2023/02/11 00:00:00.000,40.815758,-73.958374,1
2023/02/11 00:00:00.000,40.757633,-73.986755,1
2023/02/11 00:00:00.000,40.821636,-73.93909,1
2023/02/11 00:00:00.000,40.719337,-73.985916,1
2023/02/11 00:00:00.000,40.766045,-73.983376,1
2023/02/11 00:00:00.000,40.706146,-74.00496,1
2023/02/11 00:00:00.000,40.74463,-73.99898,1
2023/02/11 00:00:00.000,40.848625,-73.93425,1
2023/02/12 00:00:00.000,40.75348,-73.98677,1
2023/02/12 00:00:00.000,40.8055,-73.94007,1
2023/02/12 00:00:00.000,40.809063,-73.951996,1
2023/02/13 00:00:00.000,40.760353,-73.99124,1
2023/02/13 00:00:00.000,40.788418,-73.97077,1
2023/02/13 00:00:00.000,40.797306,-73.93446,1
2023/02/13 00:00:00.000,40.804417,-73.955376,1
2023/02/13 00:00:00.000,40.774113,-73.98863,1
2023/02/13 00:00:00.000,40.721474,-73.98383,1
2023/02/14 00:00:00.000,40.75713,-73.98953,1
2023/02/15 00:00:00.000,40.81632,-73.95784,1
2023/02/15 00:00:00.000,40.71593,-73.98958,1
2023/02/15 00:00:00.000,40.779495,-73.9535,1
2023/02/15 00:00:00.000,40.737797,-73.99013,1
2023/02/16 00:00:00.000,40.747078,-73.981346,1
2023/02/16 00:00:00.000,40.758377,-73.994385,1
2023/02/16 00:00:00.000,40.807095,-73.945984,1
2023/02/17 00:00:00.000,40.8165,-73.946556,1
2023/02/17 00:00:00.000,40.775246,-73.94763,1
2023/02/17 00:00:00.000,40.749825,-73.972206,1
2023/02/17 00:00:00.000,40.842915,-73.9366,1
2023/02/17 00:00:00.000,40.777905,-73.98209,1
2023/02/17 00:00:00.000,40.86743,-73.92193,1
2023/02/17 00:00:00.000,40.859943,-73.926796,1
2023/02/18 00:00:00.000,40.744556,-73.983185,1
2023/02/18 00:00:00.000,40.798935,-73.93637,1
2023/02/19 00:00:00.000,40.73902,-73.97335,1
2023/02/19 00:00:00.000,40.794735,-73.96988,1
2023/02/20 00:00:00.000,40.762913,-73.96981,1
2023/02/20 00:00:00.000,0,0,2
2023/02/20 00:00:00.000,40.77981,-73.95035,1
2023/02/20 00:00:00.000,40.75866,-73.98875,1
2023/02/21 00:00:00.000,40.7224,-73.99165,1
2023/02/21 00:00:00.000,40.725735,-73.996506,1
2023/02/22 00:00:00.000,40.823315,-73.94901,1
2023/02/22 00:00:00.000,40.838497,-73.939835,1
2023/02/22 00:00:00.000,40.71139,-74.008606,1
2023/02/22 00:00:00.000,40.706852,-74.00501,1
2023/02/23 00:00:00.000,40.71504,-73.99681,1
2023/02/23 00:00:00.000,40.764896,-73.97256,1
2023/02/23 00:00:00.000,40.83638,-73.94458,1
2023/02/23 00:00:00.000,40.762535,-73.96501,1
2023/02/23 00:00:00.000,40.75718,-73.97399,1
2023/02/24 00:00:00.000,40.82092,-73.94333,1
2023/02/24 00:00:00.000,40.72639,-73.991806,1
2023/02/24 00:00:00.000,40.776897,-73.975464,1
2023/02/24 00:00:00.000,40.719970000000004,-73.992905,1
2023/02/24 00:00:00.000,40.710888,-74.00907,1
2023/02/25 00:00:00.000,40.80897,-73.94833,1
2023/02/25 00:00:00.000,40.85306,-73.931,1
2023/02/26 00:00:00.000,40.748886,-73.975845,1
2023/02/26 00:00:00.000,40.803696,-73.93792,1
2023/02/26 00:00:00.000,40.77012,-73.95741,1
2023/02/26 00:00:00.000,40.8044,-73.94168,1
2023/02/27 00:00:00.000,40.74044,-73.9946,1
2023/02/27 00:00:00.000,40.718143,-73.993835,1
2023/02/27 00:00:00.000,40.74545,-73.98149,1
2023/02/28 00:00:00.000,40.76552,-73.97211,1
2023/02/28 00:00:00.000,40.81851,-73.93765,1
2023/02/28 00:00:00.000,40.744186,-73.991875,1
2023/02/28 00:00:00.000,40.79757,-73.939156,1
2023/02/28 00:00:00.000,40.713753,-73.99377,1
2023/03/01 00:00:00.000,40.79726,-73.94053,1
2023/03/01 00:00:00.000,40.777527,-73.975006,1
2023/03/01 00:00:00.000,40.807087,-73.94178,1
2023/03/01 00:00:00.000,40.74875,-73.98932,1
2023/03/02 00:00:00.000,40.82403,-73.94476,1
2023/03/02 00:00:00.000,40.759617,-73.961975,1
2023/03/02 00:00:00.000,40.71738,-73.99131,1
2023/03/02 00:00:00.000,40.75112,-73.97127,1
2023/03/02 00:00:00.000,40.76734,-73.96868,1
2023/03/02 00:00:00.000,40.764053,-73.96476,1
2023/03/02 00:00:00.000,40.715996,-74.00479,1
2023/03/03 00:00:00.000,40.718792,-73.98902,1
2023/03/03 00:00:00.000,40.753273,-73.98896,1
2023/03/03 00:00:00.000,40.731495,-73.97364,1
2023/03/03 00:00:00.000,40.71983,-73.98755,1
2023/03/03 00:00:00.000,40.80123,-73.9577,1
2023/03/03 00:00:00.000,40.750465,-73.99528,1
2023/03/04 00:00:00.000,40.751804,-73.988594,1
2023/03/04 00:00:00.000,40.76099,-73.99077,1
2023/03/05 00:00:00.000,40.781315,-73.94614,1
2023/03/05 00:00:00.000,40.796642,-73.96848,1
2023/03/05 00:00:00.000,40.81467,-73.93622,1
2023/03/06 00:00:00.000,40.743225,-73.98414,1
2023/03/06 00:00:00.000,40.80129,-73.9439,1
2023/03/06 00:00:00.000,40.814102,-73.940865,1
2023/03/06 00:00:00.000,40.70772,-74.00828,1
2023/03/07 00:00:00.000,40.80142,-73.93446,1
2023/03/07 00:00:00.000,40.820293,-73.94378,1
2023/03/07 00:00:00.000,40.80142,-73.93446,1
2023/03/08 00:00:00.000,40.732594,-73.97442,1
2023/03/08 00:00:00.000,40.807095,-73.945984,1
2023/03/08 00:00:00.000,40.797943,-73.94003,1
2023/03/08 00:00:00.000,40.854904,-73.92965,1
2023/03/09 00:00:00.000,40.751442,-73.97606,1
2023/03/09 00:00:00.000,40.714127,-73.99876,1
2023/03/09 00:00:00.000,40.720375,-74.003265,1
2023/03/09 00:00:00.000,40.855556,-73.92918,1
2023/03/10 00:00:00.000,40.749825,-73.972206,1
2023/03/10 00:00:00.000,40.761486,-73.96061,1
2023/03/10 00:00:00.000,40.751747,-73.97081,1
2023/03/10 00:00:00.000,40.757233,-73.9898,1
2023/03/10 00:00:00.000,40.789948,-73.94293,1
2023/03/10 00:00:00.000,40.73065,-73.98308,1
2023/03/10 00:00:00.000,40.83089,-73.941376,1
2023/03/10 00:00:00.000,40.719322,-73.99731,1
2023/03/10 00:00:00.000,40.76974,-73.982124,1
2023/03/10 00:00:00.000,40.719902,-74.00261,1
2023/03/11 00:00:00.000,40.766502,-73.99418,1
2023/03/11 00:00:00.000,40.783245,-73.94473,1
2023/03/11 00:00:00.000,40.755405,-73.97949,2
2023/03/12 00:00:00.000,40.713795,-73.99018,1
2023/03/13 00:00:00.000,0,0,1
2023/03/13 00:00:00.000,40.74036,-73.97318,1
2023/03/13 00:00:00.000,40.793552,-73.945335,1
2023/03/13 00:00:00.000,40.76025,-73.96753,1
2023/03/14 00:00:00.000,40.7366,-73.98185,1
2023/03/14 00:00:00.000,40.738796,-73.97716,1
2023/03/14 00:00:00.000,40.725155,-73.997,1
2023/03/14 00:00:00.000,40.77235,-73.94666,1
2023/03/14 00:00:00.000,40.788418,-73.97077,1
2023/03/14 00:00:00.000,40.717957,-74.014595,1
2023/03/14 00:00:00.000,40.802395,-73.936775,1
2023/03/15 00:00:00.000,40.750904,-73.98068,1
2023/03/15 00:00:00.000,40.816574,-73.957664,1
2023/03/15 00:00:00.000,40.798504,-73.96713,1
2023/03/15 00:00:00.000,40.757973,-73.98554,1
2023/03/15 00:00:00.000,40.856503,-73.93277,5
2023/03/15 00:00:00.000,40.749794,-73.99149,1
2023/03/15 00:00:00.000,40.86159,-73.92475,1
2023/03/16 00:00:00.000,40.76377,-73.96411,1
2023/03/16 00:00:00.000,40.79507,-73.93919,1
2023/03/16 00:00:00.000,40.80118,-73.93975,1
2023/03/16 00:00:00.000,40.75587,-73.972824,1
2023/03/16 00:00:00.000,0,0,1
2023/03/16 00:00:00.000,40.73235,-73.984955,1
2023/03/16 00:00:00.000,40.742252,-74.00071,1
2023/03/17 00:00:00.000,40.710983,-74.00052,2
2023/03/17 00:00:00.000,40.84787,-73.93641,1
2023/03/17 00:00:00.000,40.72284,-73.99144,1
2023/03/17 00:00:00.000,0,0,1
2023/03/17 00:00:00.000,40.72293,-73.98865,2
2023/03/18 00:00:00.000,40.72301,-73.98576,1
2023/03/19 00:00:00.000,40.77537,-73.98772,1
2023/03/19 00:00:00.000,40.7736,-73.98158,1
2023/03/19 00:00:00.000,40.815304,-73.94371,1
2023/03/20 00:00:00.000,40.843548,-73.936134,1
2023/03/20 00:00:00.000,40.716972,-73.99446,1
2023/03/20 00:00:00.000,40.709206,-73.99607,1
2023/03/21 00:00:00.000,40.74036,-73.97318,1
2023/03/21 00:00:00.000,40.846764,-73.933784,1
2023/03/21 00:00:00.000,40.81401,-73.94466,1
2023/03/22 00:00:00.000,40.798126,-73.94832,1
2023/03/22 00:00:00.000,40.75118,-73.99693,1
2023/03/22 00:00:00.000,40.85238,-73.9315,1
2023/03/23 00:00:00.000,40.76639,-73.98209,1
2023/03/23 00:00:00.000,40.79398,-73.97229,1
2023/03/23 00:00:00.000,40.841152,-73.942696,1
2023/03/23 00:00:00.000,40.798626,-73.93953,1
2023/03/23 00:00:00.000,40.7591,-73.99214,1
2023/03/23 00:00:00.000,40.759785,-73.976295,1
2023/03/24 00:00:00.000,40.835308,-73.94398,3
2023/03/24 00:00:00.000,40.8122,-73.94226,1
2023/03/24 00:00:00.000,40.766045,-73.983376,1
2023/03/25 00:00:00.000,40.771667,-73.9867,1
2023/03/25 00:00:00.000,40.82403,-73.94476,1
2023/03/25 00:00:00.000,40.792294,-73.941216,1
2023/03/25 00:00:00.000,40.764362,-73.96162,1
2023/03/25 00:00:00.000,40.7224,-73.99165,1
2023/03/25 00:00:00.000,40.714928,-74.00795,1
2023/03/26 00:00:00.000,40.84691,-73.93824,1
2023/03/26 00:00:00.000,40.80098,-73.93178,1
2023/03/26 00:00:00.000,40.760418,-73.97584,1
2023/03/26 00:00:00.000,40.74518,-73.982735,1
2023/03/27 00:00:00.000,40.807335,-73.9644,1
2023/03/27 00:00:00.000,40.72541,-74.00438,1
2023/03/27 00:00:00.000,40.77818,-73.95655,1
2023/03/27 00:00:00.000,40.7485,-73.974976,1
2023/03/27 00:00:00.000,40.713745,-73.98577,1
2023/03/27 00:00:00.000,40.756382,-73.96433,1
2023/03/28 00:00:00.000,40.791557,-73.93866,1
2023/03/28 00:00:00.000,0,0,1
2023/03/28 00:00:00.000,40.767242,-73.986206,1
2023/03/28 00:00:00.000,40.81722,-73.95228,1
2023/03/28 00:00:00.000,40.732925,-74.00007,1
2023/03/29 00:00:00.000,40.712307,-73.99437,1
2023/03/29 00:00:00.000,40.75979,-73.98793,1
2023/03/29 00:00:00.000,40.75594,-73.98333,1
2023/03/30 00:00:00.000,40.749825,-73.972206,1
2023/03/30 00:00:00.000,40.760056,-73.97884,1
2023/03/30 00:00:00.000,40.738045,-73.996346,1
2023/03/30 00:00:00.000,40.733433,-73.9955,1
2023/03/31 00:00:00.000,40.75671,-73.986465,1
2023/03/31 00:00:00.000,40.76669,-73.98075,1
2023/03/31 00:00:00.000,40.805218000000004,-73.94106,1
2023/03/31 00:00:00.000,40.807034,-73.939705,1
2023/03/31 00:00:00.000,40.746742,-73.97275,1
2023/03/31 00:00:00.000,40.76258,-74.0004,1
2023/04/01 00:00:00.000,40.747627,-73.976746,1
2023/04/01 00:00:00.000,40.844788,-73.93705,1
2023/04/01 00:00:00.000,40.83512,-73.94552,1
2023/04/01 00:00:00.000,40.719837,-74.005196,1
2023/04/02 00:00:00.000,40.718304,-73.987404,1
2023/04/02 00:00:00.000,40.742233,-73.9933,1
2023/04/02 00:00:00.000,40.755375,-73.98138,1
2023/04/02 00:00:00.000,40.76099,-73.99077,1
2023/04/03 00:00:00.000,40.756645,-73.998116,1
2023/04/03 00:00:00.000,40.75786,-73.9756,1
2023/04/04 00:00:00.000,0,0,1
2023/04/05 00:00:00.000,40.810093,-73.95309,1
2023/04/05 00:00:00.000,40.714745,-73.98261,1
2023/04/05 00:00:00.000,40.757145,-73.99357,1
2023/04/05 00:00:00.000,40.786377,-73.95058,1
2023/04/05 00:00:00.000,40.755806,-73.98641,1
2023/04/05 00:00:00.000,40.850166,-73.93576,1
2023/04/06 00:00:00.000,40.750763,-73.97445,1
2023/04/06 00:00:00.000,40.788994,-73.94656,1
2023/04/06 00:00:00.000,40.796005,-73.93542,1
2023/04/06 00:00:00.000,40.754128,-73.98834,1
2023/04/06 00:00:00.000,40.86159,-73.92475,1
2023/04/07 00:00:00.000,40.72266,-73.999115,1
2023/04/08 00:00:00.000,40.7485,-73.974976,1
2023/04/09 00:00:00.000,40.821636,-73.93909,1
2023/04/09 00:00:00.000,40.720623,-73.99498,1
2023/04/09 00:00:00.000,40.7547,-73.98751,2
2023/04/09 00:00:00.000,40.81467,-73.93622,1
2023/04/10 00:00:00.000,40.752457,-73.99413,1
2023/04/10 00:00:00.000,40.8453,-73.93827,1
2023/04/11 00:00:00.000,40.74775,-73.98086,1
2023/04/11 00:00:00.000,40.760822,-73.99832,1
2023/04/11 00:00:00.000,40.80641,-73.94227,1
2023/04/11 00:00:00.000,40.8037,-73.93582,1
2023/04/12 00:00:00.000,40.718555,-73.988205,1
2023/04/12 00:00:00.000,40.73273,-73.99382,1
2023/04/12 00:00:00.000,40.82725,-73.9387,1
2023/04/12 00:00:00.000,40.798622,-73.94163,1
2023/04/12 00:00:00.000,40.799305,-73.94324,1
2023/04/12 00:00:00.000,40.758755,-73.995346,1
2023/04/12 00:00:00.000,40.731594,-73.9948,1
2023/04/12 00:00:00.000,40.789734,-73.9661,1
2023/04/13 00:00:00.000,40.728176,-73.98486,1
2023/04/14 00:00:00.000,40.725193,-73.98705,1
2023/04/14 00:00:00.000,40.712463,-73.99241,1
2023/04/14 00:00:00.000,40.764732,-73.96637,1
2023/04/14 00:00:00.000,40.822166,-73.94242,1
2023/04/14 00:00:00.000,40.796597,-73.970375,1
2023/04/14 00:00:00.000,40.713947,-73.98354,1
2023/04/14 00:00:00.000,40.720318,-74.01218,1
2023/04/15 00:00:00.000,40.80777,-73.94549,1
2023/04/15 00:00:00.000,40.754684,-73.984245,1
2023/04/15 00:00:00.000,40.801285,-73.95394,1
2023/04/16 00:00:00.000,40.81851,-73.93765,1
2023/04/17 00:00:00.000,40.779804,-73.98448,1
2023/04/17 00:00:00.000,40.768436,-73.98906,1
2023/04/17 00:00:00.000,40.75734,-73.98602,1
2023/04/17 00:00:00.000,40.72075,-73.97817,1
2023/04/17 00:00:00.000,40.86177,-73.91848,1
2023/04/18 00:00:00.000,40.8162,-73.954216,1
2023/04/18 00:00:00.000,40.743565,-73.973015,1
2023/04/18 00:00:00.000,40.741623,-73.993744,1
2023/04/19 00:00:00.000,40.8272,-73.94245,1
2023/04/19 00:00:00.000,40.789948,-73.94293,2
2023/04/19 00:00:00.000,40.753513,-73.98879,1
2023/04/19 00:00:00.000,40.745857,-73.98435,4
2023/04/19 00:00:00.000,40.759983,-73.964806,1
2023/04/20 00:00:00.000,40.735832,-73.97914,1
2023/04/20 00:00:00.000,40.810764,-73.9526,1
2023/04/20 00:00:00.000,40.757637,-73.96342,1
2023/04/20 00:00:00.000,40.711533,-73.98063,1
2023/04/20 00:00:00.000,40.802204,-73.967804,1
2023/04/20 00:00:00.000,40.750988,-73.99063,1
2023/04/20 00:00:00.000,40.76479,-73.98429,1
2023/04/21 00:00:00.000,40.774868,-73.956894,1
2023/04/21 00:00:00.000,40.761395,-73.968185,1
2023/04/22 00:00:00.000,40.725082,-73.99534,1
2023/04/22 00:00:00.000,40.756058,-73.996765,1
2023/04/22 00:00:00.000,40.760155,-73.9988,1
2023/04/22 00:00:00.000,40.764168,-73.98474,1
2023/04/22 00:00:00.000,40.83406,-73.944885,1
2023/04/22 00:00:00.000,40.77622,-73.97596,1
2023/04/24 00:00:00.000,40.735107,-73.99147,1
2023/04/24 00:00:00.000,40.762486,-73.96298,1
2023/04/24 00:00:00.000,40.726933,-73.99992,1
2023/04/25 00:00:00.000,40.75927,-73.980896,1
2023/04/25 00:00:00.000,40.767185,-73.98997,1
2023/04/25 00:00:00.000,40.810062,-73.95497,1
2023/04/26 00:00:00.000,40.760536,-73.98465,1
2023/04/27 00:00:00.000,40.752853,-73.99299,1
2023/04/27 00:00:00.000,40.761486,-73.96061,1
2023/04/27 00:00:00.000,40.801857,-73.957245,1
2023/04/27 00:00:00.000,40.7551,-73.99445,1
2023/04/27 00:00:00.000,40.764683,-73.99179,1
2023/04/28 00:00:00.000,40.75603,-73.979034,1
2023/04/28 00:00:00.000,40.75578,-74.00199,1
2023/04/28 00:00:00.000,40.838497,-73.939835,1
2023/04/28 00:00:00.000,40.756573,-74.00384,1
2023/04/28 00:00:00.000,40.74775,-73.99074,1
2023/04/28 00:00:00.000,40.81339,-73.95627,1
2023/04/28 00:00:00.000,40.805737,-73.94065,1
2023/04/29 00:00:00.000,40.77719,-73.95225,1
2023/04/29 00:00:00.000,40.761887,-73.95739,1
2023/04/29 00:00:00.000,40.751656,-73.99014,1
2023/04/29 00:00:00.000,40.764427,-73.97748,1
2023/04/29 00:00:00.000,40.716644,-73.99582,1
2023/04/30 00:00:00.000,40.74135,-73.981316,1
2023/04/30 00:00:00.000,40.797867,-73.96759,1
2023/05/02 00:00:00.000,40.719322,-73.99731,1
2023/05/02 00:00:00.000,40.80777,-73.94549,1
2023/05/02 00:00:00.000,40.795315,-73.93298,1
2023/05/02 00:00:00.000,40.867283,-73.91685,1
2023/05/02 00:00:00.000,40.80777,-73.94549,1
2023/05/03 00:00:00.000,40.79793,-73.934,1
2023/05/03 00:00:00.000,40.823257,-73.94293,1
2023/05/03 00:00:00.000,40.794754,-73.94235,1
2023/05/04 00:00:00.000,40.81339,-73.95627,1
2023/05/04 00:00:00.000,40.750843,-73.99026,1
2023/05/04 00:00:00.000,40.7591,-73.99214,1
2023/05/04 00:00:00.000,40.7171,-73.9986,1
2023/05/04 00:00:00.000,40.751366,-73.97983,1
2023/05/04 00:00:00.000,40.750988,-73.99063,1
2023/05/04 00:00:00.000,40.744442,-73.979065,1
2023/05/05 00:00:00.000,40.833096,-73.94066,1
2023/05/05 00:00:00.000,40.808723,-73.9379,1
2023/05/05 00:00:00.000,40.70437,-74.01109,1
2023/05/06 00:00:00.000,40.80608,-73.96532,1
2023/05/06 00:00:00.000,40.728065,-73.99896,1
2023/05/06 00:00:00.000,40.758427,-73.99264,1
2023/05/06 00:00:00.000,40.8007,-73.935005,1
2023/05/06 00:00:00.000,40.86369,-73.91707,1
2023/05/06 00:00:00.000,40.849144,-73.93548,1
2023/05/07 00:00:00.000,40.74042,-73.988976,1
2023/05/07 00:00:00.000,40.807667,-73.94929,1
2023/05/07 00:00:00.000,40.717922,-73.988525,1
2023/05/08 00:00:00.000,40.81728,-73.938545,1
2023/05/09 00:00:00.000,40.7224,-73.99165,1
2023/05/09 00:00:00.000,40.75843,-73.973076,1
2023/05/10 00:00:00.000,40.71799,-74.00095,1
2023/05/11 00:00:00.000,40.72178,-73.995834,1
2023/05/11 00:00:00.000,40.791466,-73.97411,1
2023/05/11 00:00:00.000,40.854992,-73.92983,1
2023/05/12 00:00:00.000,40.719970000000004,-73.992905,2
2023/05/12 00:00:00.000,40.718555,-73.988205,1
2023/05/12 00:00:00.000,40.81569,-73.958305,1
2023/05/12 00:00:00.000,40.76359,-73.98144,1
2023/05/12 00:00:00.000,40.800663,-73.946465,3
2023/05/12 00:00:00.000,40.75457,-73.97169,1
2023/05/14 00:00:00.000,40.75388,-73.96616,1
2023/05/14 00:00:00.000,40.748363,-73.98041,1
2023/05/14 00:00:00.000,40.78888,-73.97786,1
2023/05/14 00:00:00.000,40.804367,-73.93533,1
2023/05/15 00:00:00.000,40.739895,-73.99078,1
2023/05/15 00:00:00.000,40.810173,-73.95117,1
2023/05/15 00:00:00.000,40.83349,-73.94158,1
2023/05/15 00:00:00.000,40.79482,-73.94442,1
2023/05/15 00:00:00.000,40.737545,-73.98409,1
2023/05/15 00:00:00.000,40.803215,-73.95254,1
2023/05/16 00:00:00.000,40.776047,-73.983505,1
2023/05/16 00:00:00.000,40.743423,-73.999855,1
2023/05/16 00:00:00.000,40.7247,-74.00932,1
2023/05/16 00:00:00.000,40.783897,-73.97407,1
2023/05/16 00:00:00.000,40.715954,-73.986725,1
2023/05/16 00:00:00.000,40.75108,-73.98686,1
2023/05/16 00:00:00.000,40.722324,-74.01176,1
2023/05/16 00:00:00.000,40.806866,-73.94337,1
2023/05/16 00:00:00.000,40.86593,-73.91962,1
2023/05/17 00:00:00.000,40.805737,-73.94065,2
2023/05/17 00:00:00.000,40.718777,-73.995705,1
2023/05/17 00:00:00.000,40.724575,-73.987495,1
2023/05/17 00:00:00.000,40.72016,-74.00126,1
2023/05/17 00:00:00.000,40.80202,-73.94969,1
2023/05/18 00:00:00.000,40.803215,-73.95254,1
2023/05/18 00:00:00.000,40.830154,-73.93964,1
2023/05/18 00:00:00.000,40.841087,-73.937935,1
2023/05/18 00:00:00.000,40.725433,-73.992134,1
2023/05/18 00:00:00.000,40.752125,-74.00117,1
2023/05/18 00:00:00.000,40.723278,-74.00799,1
2023/05/19 00:00:00.000,40.724255,-73.98485,1
2023/05/19 00:00:00.000,40.842403,-73.93698,1
2023/05/19 00:00:00.000,40.812725,-73.94931,2
2023/05/19 00:00:00.000,40.84932,-73.93374,1
2023/05/19 00:00:00.000,40.749786,-73.98778,1
2023/05/19 00:00:00.000,40.793186,-73.94057,1
2023/05/20 00:00:00.000,40.86258,-73.925385,1
2023/05/20 00:00:00.000,40.71131,-73.98895,1
2023/05/20 00:00:00.000,0,0,1
2023/05/21 00:00:00.000,40.745243,-73.9848,1
2023/05/21 00:00:00.000,40.77063,-73.952705,1
2023/05/21 00:00:00.000,40.778793,-73.98206,1
2023/05/21 00:00:00.000,40.760353,-73.99124,1
2023/05/21 00:00:00.000,40.815304,-73.94371,1
2023/05/21 00:00:00.000,40.78389,-73.950294,1
2023/05/21 00:00:00.000,40.79482,-73.94442,1
2023/05/21 00:00:00.000,40.735325,-73.98987,1
2023/05/21 00:00:00.000,40.71539,-73.99785,1
2023/05/21 00:00:00.000,40.709152,-74.01055,1
2023/05/22 00:00:00.000,40.848118,-73.93089,1
2023/05/22 00:00:00.000,0,0,1
2023/05/22 00:00:00.000,40.77622,-73.97596,1
2023/05/22 00:00:00.000,40.72115,-73.983986,1
2023/05/22 00:00:00.000,40.763485,-73.98895,1
2023/05/23 00:00:00.000,40.761993,-73.9696,1
2023/05/23 00:00:00.000,40.719204,-73.99037,1
2023/05/23 00:00:00.000,40.797943,-73.94003,2
2023/05/24 00:00:00.000,40.821484,-73.94855,1
2023/05/24 00:00:00.000,40.762024,-74.00116,1
2023/05/25 00:00:00.000,40.737915,-73.99223,1
2023/05/25 00:00:00.000,40.710747,-74.016136,1
2023/05/25 00:00:00.000,40.74476,-73.99516,2
2023/05/25 00:00:00.000,40.838467,-73.94375,1
2023/05/26 00:00:00.000,40.804375,-73.93742,1
2023/05/26 00:00:00.000,40.75484,-73.98412,1
2023/05/26 00:00:00.000,40.7266,-74.003586,1
2023/05/27 00:00:00.000,40.73975,-74.00253,1
2023/05/27 00:00:00.000,40.77074,-73.99455,1
2023/05/27 00:00:00.000,40.75425,-73.96899,1
2023/05/27 00:00:00.000,40.752876,-73.99109,1
2023/05/28 00:00:00.000,40.815304,-73.94371,1
2023/05/28 00:00:00.000,40.75865,-73.995125,1
2023/05/28 00:00:00.000,40.76305,-73.993004,1
2023/05/28 00:00:00.000,40.815117,-73.95871,1
2023/05/29 00:00:00.000,40.821144,-73.95753,1
2023/05/29 00:00:00.000,40.836555,-73.94306,1
2023/05/29 00:00:00.000,40.864807,-73.91937,1
2023/05/30 00:00:00.000,40.721573,-73.997765,1
2023/05/30 00:00:00.000,40.858112,-73.93299,1
2023/05/31 00:00:00.000,40.739166,-73.97997,1
2023/05/31 00:00:00.000,40.78435,-73.9833,1
2023/05/31 00:00:00.000,40.719204,-73.99037,2
2023/05/31 00:00:00.000,40.808956,-73.94041,1
2023/05/31 00:00:00.000,40.742863,-74.003975,1
2023/05/31 00:00:00.000,40.707825,-74.00433,1
2023/06/01 00:00:00.000,40.730576,-73.980644,1
2023/06/01 00:00:00.000,40.724255,-73.98485,1
2023/06/02 00:00:00.000,40.81851,-73.93765,1
2023/06/02 00:00:00.000,40.810127,-73.94514,1
2023/06/03 00:00:00.000,40.778095,-73.9783,1
2023/06/03 00:00:00.000,40.74715,-73.985504,1
2023/06/04 00:00:00.000,40.737545,-73.98409,2
2023/06/04 00:00:00.000,40.774323,-73.96149,1
2023/06/04 00:00:00.000,40.79465,-73.97179,1
2023/06/05 00:00:00.000,40.740185,-73.986374,1
2023/06/05 00:00:00.000,40.776875,-73.94938,1
2023/06/05 00:00:00.000,40.80238,-73.93393,1
2023/06/05 00:00:00.000,40.765545,-73.95471,1
2023/06/06 00:00:00.000,40.763245,-73.98059,1
2023/06/06 00:00:00.000,40.785816,-73.95489,1
2023/06/06 00:00:00.000,40.76118,-73.95791,1
2023/06/06 00:00:00.000,40.771732,-73.98296,1
2023/06/06 00:00:00.000,40.752724,-73.996796,1
2023/06/06 00:00:00.000,40.839294,-73.93925,1
2023/06/07 00:00:00.000,40.85139,-73.941216,1
2023/06/07 00:00:00.000,40.74989,-73.98022,1
2023/06/07 00:00:00.000,40.7431,-73.974014,1
2023/06/08 00:00:00.000,40.72049,-73.98533,1
2023/06/08 00:00:00.000,40.80006,-73.93059,1
2023/06/08 00:00:00.000,40.78336,-73.95489,1
2023/06/08 00:00:00.000,40.773098,-73.96448,1
2023/06/08 00:00:00.000,40.82403,-73.94476,1
2023/06/08 00:00:00.000,40.71605,-74.004745,1
2023/06/09 00:00:00.000,40.837624,-73.94229,1
2023/06/09 00:00:00.000,40.81728,-73.938545,1
2023/06/09 00:00:00.000,40.838737,-73.944405,1
2023/06/09 00:00:00.000,40.72828,-73.98789,1
2023/06/09 00:00:00.000,40.726166,-73.99837,1
2023/06/09 00:00:00.000,40.737545,-73.98409,1
2023/06/09 00:00:00.000,40.86769,-73.92122,1
2023/06/10 00:00:00.000,40.76591,-73.96341,1
2023/06/10 00:00:00.000,40.717724,-73.98577,1
2023/06/10 00:00:00.000,40.745293,-73.97709,1
2023/06/10 00:00:00.000,40.800053,-73.94059,1
2023/06/10 00:00:00.000,40.724274,-73.99082,2
2023/06/11 00:00:00.000,40.71521,-73.98427,1
2023/06/11 00:00:00.000,40.777676,-73.963234,1
2023/06/11 00:00:00.000,40.84554,-73.93278,2
2023/06/11 00:00:00.000,40.758533,-73.98885,2
2023/06/11 00:00:00.000,40.750114,-73.98859,1
2023/06/12 00:00:00.000,40.737865,-74.00019,1
2023/06/12 00:00:00.000,40.766045,-73.983376,2
2023/06/12 00:00:00.000,40.788616,-73.95525,1
2023/06/12 00:00:00.000,40.85008,-73.93587,1
2023/06/13 00:00:00.000,40.764107,-73.96682,1
2023/06/13 00:00:00.000,40.711807,-73.999664,1
2023/06/13 00:00:00.000,40.72131,-73.99471,1
2023/06/13 00:00:00.000,40.74608,-73.974945,1
2023/06/13 00:00:00.000,40.734837,-73.98312,1
2023/06/13 00:00:00.000,40.78452,-73.97948,1
2023/06/13 00:00:00.000,40.803745,-73.95587,1
2023/06/14 00:00:00.000,40.772648,-73.95134,1
2023/06/14 00:00:00.000,40.785294,-73.969345,1
2023/06/14 00:00:00.000,40.751114,-73.98692,1
2023/06/14 00:00:00.000,40.72739,-74.00552,1
2023/06/15 00:00:00.000,40.793377,-73.97086,1
2023/06/15 00:00:00.000,40.823853,-73.938385,1
2023/06/15 00:00:00.000,40.809727,-73.96013,1
2023/06/15 00:00:00.000,40.724342,-74.005554,1
2023/06/15 00:00:00.000,40.71563,-73.98693,1
2023/06/15 00:00:00.000,40.720554,-74.00352,1
2023/06/15 00:00:00.000,40.859257,-73.93417,1
2023/06/16 00:00:00.000,40.744778,-73.97589,1
2023/06/16 00:00:00.000,40.779434,-73.94752,1
2023/06/16 00:00:00.000,40.718555,-73.988205,1
2023/06/16 00:00:00.000,40.773335,-73.95506,1
2023/06/16 00:00:00.000,40.7601,-73.98398,1
2023/06/16 00:00:00.000,40.86676,-73.920616,1
2023/06/16 00:00:00.000,40.730003,-73.98354,1
2023/06/16 00:00:00.000,40.85431,-73.93009,1
2023/06/17 00:00:00.000,40.729652,-74.00221,1
2023/06/17 00:00:00.000,40.787224,-73.95417,1
2023/06/17 00:00:00.000,40.727818,-73.99476,1
2023/06/17 00:00:00.000,40.785866,-73.950935,1
2023/06/17 00:00:00.000,40.712532,-74.007675,1
2023/06/18 00:00:00.000,40.79359,-73.937164,1
2023/06/18 00:00:00.000,40.820435,-73.93623,1
2023/06/18 00:00:00.000,40.820435,-73.93623,1
2023/06/18 00:00:00.000,40.736885,-73.978546,1
2023/06/18 00:00:00.000,40.712307,-73.99437,1
2023/06/19 00:00:00.000,40.75513,-73.96525,1
2023/06/19 00:00:00.000,40.733364,-74.004524,1
2023/06/20 00:00:00.000,40.800255,-73.93757,1
2023/06/20 00:00:00.000,40.739403,-74.00615,1
2023/06/20 00:00:00.000,40.73736,-73.99685,2
2023/06/20 00:00:00.000,40.7723,-73.986244,1
2023/06/20 00:00:00.000,40.74283,-74.007706,3
2023/06/20 00:00:00.000,40.82664,-73.94306,1
2023/06/21 00:00:00.000,40.815304,-73.94371,1
2023/06/21 00:00:00.000,40.709522,-74.00167,1
2023/06/21 00:00:00.000,40.837803,-73.94215,1
2023/06/21 00:00:00.000,40.826412,-73.9406,1
2023/06/22 00:00:00.000,40.81339,-73.95627,1
2023/06/22 00:00:00.000,40.766567,-73.968765,1
2023/06/22 00:00:00.000,40.760056,-73.97884,1
2023/06/22 00:00:00.000,40.723747,-74.00612,1
2023/06/22 00:00:00.000,40.799255,-73.93906,1
2023/06/22 00:00:00.000,40.790627,-73.942444,1
2023/06/23 00:00:00.000,40.864365,-73.91903,1
2023/06/23 00:00:00.000,40.788315,-73.9765,1
2023/06/23 00:00:00.000,40.743248,-73.993645,1
2023/06/23 00:00:00.000,40.724594,-73.9975,1
2023/06/23 00:00:00.000,40.80897,-73.94833,1
2023/06/25 00:00:00.000,40.773335,-73.95506,1
2023/06/25 00:00:00.000,40.723057,-74.00247,1
2023/06/26 00:00:00.000,40.794235,-73.96283,1
2023/06/26 00:00:00.000,40.81636,-73.954094,1
2023/06/26 00:00:00.000,40.790417,-73.95184,1
2023/06/26 00:00:00.000,40.708828,-74.016205,1
2023/06/26 00:00:00.000,40.814095,-73.94879,2
2023/06/27 00:00:00.000,40.756035,-73.98695,1
2023/06/27 00:00:00.000,40.80071,-73.93198,1
2023/06/27 00:00:00.000,40.761665,-73.97492,1
2023/06/27 00:00:00.000,40.82926,-73.93753,1
2023/06/27 00:00:00.000,40.774113,-73.98863,1
2023/06/28 00:00:00.000,40.826935,-73.93892,1
2023/06/28 00:00:00.000,40.785786,-73.978546,1
2023/06/28 00:00:00.000,40.769554,-73.95474,1
2023/06/28 00:00:00.000,40.72726,-73.982666,1
2023/06/28 00:00:00.000,40.70623,-74.00317,1
2023/06/28 00:00:00.000,40.827034,-73.93887,1
2023/06/28 00:00:00.000,40.75484,-73.98412,1
2023/06/28 00:00:00.000,40.7615,-73.997826,1
2023/06/29 00:00:00.000,40.719933,-73.97876,1
2023/06/29 00:00:00.000,40.76444,-73.9657,1
2023/06/29 00:00:00.000,40.777004,-73.96374,1
2023/06/29 00:00:00.000,40.742085,-73.99711,1
2023/06/29 00:00:00.000,40.76229,-73.986115,1
2023/06/29 00:00:00.000,40.754128,-73.98834,1
2023/06/30 00:00:00.000,40.75242,-73.97437,1
2023/06/30 00:00:00.000,40.710697,-73.984634,1
2023/06/30 00:00:00.000,0,0,1
2023/06/30 00:00:00.000,40.801765,-73.93723,1
2023/07/01 00:00:00.000,0,0,1
2023/07/02 00:00:00.000,40.78519,-73.94934,1
2023/07/02 00:00:00.000,40.81401,-73.94466,1
2023/07/02 00:00:00.000,40.825756,-73.95094,1
2023/07/02 00:00:00.000,40.810173,-73.95117,1
2023/07/03 00:00:00.000,40.796005,-73.93542,1
2023/07/03 00:00:00.000,40.750084,-73.99499,1
2023/07/03 00:00:00.000,40.74468,-73.987305,1
2023/07/04 00:00:00.000,40.767918,-73.985725,1
2023/07/04 00:00:00.000,40.771732,-73.98296,1
2023/07/05 00:00:00.000,40.819424,-73.950066,1
2023/07/05 00:00:00.000,40.84105,-73.94469,1
2023/07/05 00:00:00.000,40.846153,-73.932335,1
2023/07/05 00:00:00.000,40.71504,-73.99681,1
2023/07/05 00:00:00.000,40.75469,-73.9858,1
2023/07/05 00:00:00.000,40.80133,-73.950195,1
2023/07/05 00:00:00.000,40.72084,-74.00066,1
2023/07/06 00:00:00.000,40.744778,-73.97589,1
2023/07/06 00:00:00.000,40.72709,-73.97665,1
2023/07/06 00:00:00.000,40.817116,-73.94801,1
2023/07/06 00:00:00.000,40.856503,-73.93277,1
2023/07/06 00:00:00.000,40.784943,-73.946594,1
2023/07/07 00:00:00.000,40.72163,-73.99734,1
2023/07/07 00:00:00.000,40.76142,-73.984055,1
2023/07/08 00:00:00.000,40.76556,-73.993904,1
2023/07/08 00:00:00.000,40.805058,-73.93904,1
2023/07/08 00:00:00.000,40.757645,-73.98949,1
2023/07/09 00:00:00.000,40.780857,-73.958824,1
2023/07/09 00:00:00.000,40.72697,-73.98575,1
2023/07/09 00:00:00.000,40.713253,-74.00926,1
2023/07/09 00:00:00.000,40.804886,-73.937035,1
2023/07/09 00:00:00.000,40.72293,-73.98865,1
2023/07/09 00:00:00.000,40.859325,-73.93132,1
2023/07/10 00:00:00.000,40.718555,-73.988205,1
2023/07/11 00:00:00.000,40.718018,-73.99996,1
2023/07/11 00:00:00.000,40.77818,-73.95655,1
2023/07/11 00:00:00.000,40.753906,-73.99962,1
2023/07/11 00:00:00.000,40.792114,-73.941345,2
2023/07/12 00:00:00.000,40.812103,-73.94976,1
2023/07/12 00:00:00.000,40.784515,-73.94983,1
2023/07/12 00:00:00.000,40.80438,-73.93953,1
2023/07/13 00:00:00.000,40.834114,-73.941124,1
2023/07/13 00:00:00.000,40.74172,-73.99368,1
2023/07/13 00:00:00.000,40.736885,-73.978546,1
2023/07/13 00:00:00.000,40.717537,-73.979996,1
2023/07/13 00:00:00.000,40.76118,-73.95791,1
2023/07/13 00:00:00.000,40.820827,-73.950836,1
2023/07/13 00:00:00.000,40.77611,-73.97975,1
2023/07/13 00:00:00.000,40.787582,-73.944664,1
2023/07/13 00:00:00.000,40.74357,-73.992325,1
2023/07/14 00:00:00.000,40.748463,-74.00361,1
2023/07/14 00:00:00.000,40.718063,-73.98845,1
2023/07/14 00:00:00.000,40.823257,-73.94293,1
2023/07/14 00:00:00.000,40.790764,-73.942795,1
2023/07/14 00:00:00.000,40.83512,-73.94552,1
2023/07/14 00:00:00.000,40.767918,-73.985725,1
2023/07/14 00:00:00.000,40.711533,-74.01047,1
2023/07/15 00:00:00.000,0,0,1
2023/07/15 00:00:00.000,40.75217,-73.9878,1
2023/07/15 00:00:00.000,40.862362,-73.92999,2
2023/07/16 00:00:00.000,40.70772,-74.00828,1
2023/07/16 00:00:00.000,40.772877,-73.993416,1
2023/07/16 00:00:00.000,40.76142,-73.984055,1
2023/07/16 00:00:00.000,40.775246,-73.94763,1
2023/07/16 00:00:00.000,40.86446,-73.91895,1
2023/07/16 00:00:00.000,40.797035,-73.929825,1
2023/07/17 00:00:00.000,40.744007,-73.9857,1
2023/07/17 00:00:00.000,40.710163,-74.00426,1
2023/07/17 00:00:00.000,40.75537,-73.98746,1
2023/07/18 00:00:00.000,40.797035,-73.929825,1
2023/07/18 00:00:00.000,0,0,1
2023/07/19 00:00:00.000,40.82523,-73.94761,1
2023/07/19 00:00:00.000,40.755833,-73.98857,1
2023/07/19 00:00:00.000,40.753746,-73.984924,1
2023/07/19 00:00:00.000,40.805153,-73.95112,1
2023/07/19 00:00:00.000,40.71521,-73.98427,1
2023/07/19 00:00:00.000,40.744297,-73.974754,1
2023/07/19 00:00:00.000,40.75202,-74.00473,1
2023/07/19 00:00:00.000,40.786175,-73.9457,1
2023/07/19 00:00:00.000,40.7395,-73.98267,1
2023/07/19 00:00:00.000,40.86064,-73.93078,1
2023/07/19 00:00:00.000,40.812737,-73.93762,1
2023/07/20 00:00:00.000,40.80202,-73.94969,1
2023/07/20 00:00:00.000,40.72543,-73.99678,1
2023/07/20 00:00:00.000,40.79273,-73.9771,1
2023/07/20 00:00:00.000,40.726665,-73.98309,1
2023/07/20 00:00:00.000,40.717327,-73.99946,1
2023/07/21 00:00:00.000,40.82138,-73.95414,1
2023/07/21 00:00:00.000,40.822308,-73.93859,1
2023/07/21 00:00:00.000,40.821445,-73.950386,1
2023/07/21 00:00:00.000,40.820827,-73.950836,1
2023/07/21 00:00:00.000,40.71139,-74.008606,1
2023/07/21 00:00:00.000,40.757633,-73.986755,1
2023/07/21 00:00:00.000,40.73003,-73.99109,1
2023/07/21 00:00:00.000,40.764626,-73.99555,1
2023/07/21 00:00:00.000,40.798622,-73.94163,1
2023/07/22 00:00:00.000,40.865364,-73.92439,1
2023/07/22 00:00:00.000,40.753384,-73.992615,2
2023/07/22 00:00:00.000,40.742226,-73.99702,1
2023/07/22 00:00:00.000,40.754684,-73.984245,1
2023/07/22 00:00:00.000,40.7569,-73.99374,1
2023/07/23 00:00:00.000,40.8188,-73.956024,1
2023/07/23 00:00:00.000,40.720478,-73.98972,1
2023/07/23 00:00:00.000,40.757282,-73.98991,1
2023/07/23 00:00:00.000,40.79573,-73.93267,1
2023/07/24 00:00:00.000,40.74044,-73.9946,1
2023/07/24 00:00:00.000,40.76739,-73.98237,1
2023/07/25 00:00:00.000,40.856503,-73.93277,1
2023/07/25 00:00:00.000,40.798622,-73.94163,1
2023/07/25 00:00:00.000,40.747234,-73.99337,1
2023/07/25 00:00:00.000,40.757233,-73.9898,1
2023/07/25 00:00:00.000,40.752117,-73.97556,1
2023/07/26 00:00:00.000,40.747887,-73.99106,1
2023/07/26 00:00:00.000,40.718655,-73.98233,1
2023/07/26 00:00:00.000,40.84721,-73.93979,1
2023/07/26 00:00:00.000,40.75587,-73.972824,1
2023/07/26 00:00:00.000,40.822834,-73.941925,1
2023/07/28 00:00:00.000,40.833786,-73.94037,1
2023/07/28 00:00:00.000,40.832863,-73.94204,2
2023/07/28 00:00:00.000,40.73831,-73.98775,1
2023/07/28 00:00:00.000,40.711697,-74.00088,1
2023/07/28 00:00:00.000,40.731934,-73.99452,1
2023/07/28 00:00:00.000,40.733833,-73.988495,1
2023/07/28 00:00:00.000,40.74476,-73.99516,1
2023/07/28 00:00:00.000,40.76428,-73.99859,1
2023/07/28 00:00:00.000,40.80926,-73.94899,1
2023/07/29 00:00:00.000,40.720936,-73.993805,1
2023/07/29 00:00:00.000,40.75425,-73.96899,1
2023/07/30 00:00:00.000,40.73202,-73.98193,1
2023/07/30 00:00:00.000,40.732754,-73.99004,1
2023/07/31 00:00:00.000,40.755405,-73.97949,1
2023/07/31 00:00:00.000,40.744038,-73.983574,1
2023/07/31 00:00:00.000,40.72213,-73.98994,1
2023/08/01 00:00:00.000,40.719456,-73.99441,1
2023/08/01 00:00:00.000,40.811295,-73.94599,1
2023/08/01 00:00:00.000,40.76912,-73.95505,1
2023/08/01 00:00:00.000,40.763645,-73.97769,1
2023/08/01 00:00:00.000,40.738735,-74.00961,1
2023/08/01 00:00:00.000,40.751442,-73.97606,8
2023/08/02 00:00:00.000,40.74463,-73.99898,1
2023/08/02 00:00:00.000,40.762737,-73.9597,1
2023/08/02 00:00:00.000,40.802486,-73.95679,1
2023/08/02 00:00:00.000,40.82403,-73.94476,1
2023/08/03 00:00:00.000,40.799305,-73.94324,1
2023/08/03 00:00:00.000,40.791084,-73.953445,1
2023/08/03 00:00:00.000,40.7182,-73.98552,1
2023/08/03 00:00:00.000,40.75412,-73.999466,1
2023/08/03 00:00:00.000,40.784943,-73.946594,1
2023/08/04 00:00:00.000,40.76595,-73.95372,1
2023/08/04 00:00:00.000,40.782322,-73.94852,1
2023/08/04 00:00:00.000,40.79335,-73.97274,1
2023/08/04 00:00:00.000,40.706852,-74.00501,1
2023/08/04 00:00:00.000,40.760067,-73.99446,1
2023/08/04 00:00:00.000,40.722298,-73.99713,1
2023/08/04 00:00:00.000,40.741356,-73.989136,1
2023/08/04 00:00:00.000,40.75346,-73.99651,1
2023/08/04 00:00:00.000,40.80374,-73.95375,1
2023/08/04 00:00:00.000,40.723625,-74.00479,1
2023/08/05 00:00:00.000,40.727287,-73.993645,1
2023/08/05 00:00:00.000,40.773098,-73.96448,1
2023/08/05 00:00:00.000,40.78739,-73.94483,2
2023/08/05 00:00:00.000,40.774403,-73.99227,1
2023/08/05 00:00:00.000,40.76409,-73.974495,1
2023/08/05 00:00:00.000,40.758644,-73.96375,1
2023/08/06 00:00:00.000,40.754154,-73.9804,1
2023/08/06 00:00:00.000,40.811584,-73.951965,1
2023/08/06 00:00:00.000,40.734432,-73.989914,1
2023/08/07 00:00:00.000,40.717724,-73.98577,1
2023/08/07 00:00:00.000,40.748405,-73.97282,1
2023/08/07 00:00:00.000,40.813656,-73.95649,1
2023/08/07 00:00:00.000,40.80133,-73.950195,1
2023/08/07 00:00:00.000,40.76039,-73.99491,1
2023/08/07 00:00:00.000,40.797676,-73.93729,1
2023/08/08 00:00:00.000,40.73685,-73.99973,1
2023/08/08 00:00:00.000,40.76428,-73.97302,1
2023/08/09 00:00:00.000,40.80819,-73.94646,1
2023/08/09 00:00:00.000,40.74967,-73.99531,1
2023/08/09 00:00:00.000,40.844788,-73.93705,1
2023/08/09 00:00:00.000,40.750763,-73.97445,1
2023/08/10 00:00:00.000,0,0,1
2023/08/10 00:00:00.000,40.752663,-73.981476,1
2023/08/10 00:00:00.000,40.732925,-74.00007,1
2023/08/10 00:00:00.000,40.76593,-73.99088,1
2023/08/10 00:00:00.000,40.713135,-74.00407,1
2023/08/10 00:00:00.000,40.706673,-74.01591,1
2023/08/10 00:00:00.000,40.710445,-74.01625,1
2023/08/11 00:00:00.000,40.81205,-73.95355,1
2023/08/11 00:00:00.000,40.761917,-73.987206,1
2023/08/11 00:00:00.000,40.740833,-73.978775,1
2023/08/11 00:00:00.000,40.8065,-73.9563,1
2023/08/11 00:00:00.000,40.789307,-73.943405,2
2023/08/11 00:00:00.000,40.81184,-73.94728,1
2023/08/12 00:00:00.000,40.71023,-74.01703,1
2023/08/12 00:00:00.000,40.79996,-73.94698,1
2023/08/12 00:00:00.000,40.74147,-73.985435,2
2023/08/13 00:00:00.000,40.741127,-73.97503,1
2023/08/13 00:00:00.000,40.80995,-73.94391,1
2023/08/13 00:00:00.000,40.706993,-74.012344,1
2023/08/14 00:00:00.000,40.81394,-73.948425,1
2023/08/14 00:00:00.000,40.758137,-73.97628,1
2023/08/14 00:00:00.000,40.730057,-73.999374,1
2023/08/14 00:00:00.000,40.796215,-73.94969,1
2023/08/14 00:00:00.000,40.712307,-73.99437,1
2023/08/14 00:00:00.000,40.81151,-73.94649,1
2023/08/14 00:00:00.000,40.75727,-73.98006,1
2023/08/15 00:00:00.000,40.757084,-73.99152,1
2023/08/15 00:00:00.000,40.7599,-73.98043,1
2023/08/16 00:00:00.000,40.75144,-73.97397,1
2023/08/16 00:00:00.000,40.761856,-73.96343,1
2023/08/16 00:00:00.000,40.798878,-73.94143,1
2023/08/16 00:00:00.000,40.73363,-74.00279,1
2023/08/17 00:00:00.000,40.718834,-74.00112,1
2023/08/17 00:00:00.000,40.75964,-73.99177,1
2023/08/17 00:00:00.000,40.800247,-73.96213,1
2023/08/17 00:00:00.000,40.727818,-73.99476,1
2023/08/17 00:00:00.000,40.730183,-73.99047,1
2023/08/18 00:00:00.000,40.80777,-73.94549,1
2023/08/18 00:00:00.000,40.787766,-73.94164,1
2023/08/18 00:00:00.000,40.797943,-73.94213,1
2023/08/20 00:00:00.000,40.746918,-73.97124,1
2023/08/20 00:00:00.000,40.717724,-73.98577,1
2023/08/20 00:00:00.000,40.762856,-73.98942,1
2023/08/21 00:00:00.000,40.772343,-73.95269,1
2023/08/21 00:00:00.000,40.825897,-73.93936,1
2023/08/21 00:00:00.000,40.710175,-74.001144,1
2023/08/21 00:00:00.000,40.75108,-73.98686,7
2023/08/22 00:00:00.000,40.71729,-73.998886,1
2023/08/22 00:00:00.000,40.749077,-74.001595,1
2023/08/22 00:00:00.000,40.75383,-74.00715,1
2023/08/22 00:00:00.000,40.86357,-73.92602,1
2023/08/24 00:00:00.000,40.77202,-73.956024,1
2023/08/24 00:00:00.000,40.821636,-73.93909,1
2023/08/24 00:00:00.000,40.71654,-73.996994,1
2023/08/24 00:00:00.000,40.73363,-74.00279,1
2023/08/25 00:00:00.000,40.750893,-73.98644,1
2023/08/25 00:00:00.000,40.766712,-73.98289,1
2023/08/25 00:00:00.000,40.7167,-74.00656,1
2023/08/26 00:00:00.000,40.800507,-73.938156,1
2023/08/26 00:00:00.000,40.74284,-74.00028,1
2023/08/26 00:00:00.000,40.733707,-73.9882,1
2023/08/27 00:00:00.000,40.862923,-73.92777,1
2023/08/27 00:00:00.000,40.7276,-73.98163,1
2023/08/27 00:00:00.000,40.814632,-73.9442,1
2023/08/27 00:00:00.000,40.824097,-73.94891,1
2023/08/28 00:00:00.000,40.719970000000004,-73.992905,1
2023/08/28 00:00:00.000,40.717663,-74.01394,1
2023/08/28 00:00:00.000,40.761616,-73.972855,1
2023/08/29 00:00:00.000,40.775642,-73.94643,1
2023/08/29 00:00:00.000,40.84108,-73.9427,1
2023/08/29 00:00:00.000,0,0,1
2023/08/29 00:00:00.000,40.75469,-73.99536,1
2023/08/29 00:00:00.000,40.780857,-73.958824,1
2023/08/29 00:00:00.000,40.767185,-73.98997,1
2023/08/31 00:00:00.000,40.727093000000004,-73.99156,1
2023/08/31 00:00:00.000,40.794052,-73.970375,1
2023/08/31 00:00:00.000,40.789646,-73.94608,1
2023/08/31 00:00:00.000,40.757298,-73.980064,1
2023/08/31 00:00:00.000,40.756763,-73.96716,1
2023/08/31 00:00:00.000,40.718292,-73.98248,1
2023/08/31 00:00:00.000,40.747543,-73.97079,1
2023/08/31 00:00:00.000,40.81909,-73.94093,1
2023/09/01 00:00:00.000,40.75518,-73.98389,1
2023/09/01 00:00:00.000,0,0,1
2023/09/01 00:00:00.000,40.78909,-73.94087,1
2023/09/01 00:00:00.000,40.813778,-73.959694,1
2023/09/01 00:00:00.000,40.762917,-73.98566,1
2023/09/01 00:00:00.000,40.850773,-73.93543,1
2023/09/01 00:00:00.000,40.75649,-73.997765,1
2023/09/01 00:00:00.000,40.74702,-74.00466,1
2023/09/02 00:00:00.000,40.815117,-73.95871,1
2023/09/02 00:00:00.000,40.723785,-73.97598,1
2023/09/02 00:00:00.000,40.825676,-73.94869,1
2023/09/02 00:00:00.000,40.811836,-73.95109,1
2023/09/02 00:00:00.000,40.76025,-73.96753,1
2023/09/03 00:00:00.000,40.75024,-73.998604,1
2023/09/03 00:00:00.000,40.746037,-73.990524,1
2023/09/03 00:00:00.000,40.71174,-74.006996,1
2023/09/03 00:00:00.000,40.787674,-73.94344,1
2023/09/03 00:00:00.000,40.820965,-73.939575,1
2023/09/04 00:00:00.000,40.75645,-73.97032,1
2023/09/04 00:00:00.000,40.769295,-73.99495,1
2023/09/04 00:00:00.000,40.73543,-73.98271,1
2023/09/05 00:00:00.000,40.76812,-73.95887,1
2023/09/05 00:00:00.000,40.77529,-73.953636,1
2023/09/05 00:00:00.000,40.758266,-73.98547,1
2023/09/05 00:00:00.000,40.741028,-73.99417,2
2023/09/06 00:00:00.000,40.73337,-74.00258,1
2023/09/06 00:00:00.000,40.755707,-73.98721,1
2023/09/06 00:00:00.000,40.718452,-73.997765,1
2023/09/06 00:00:00.000,40.789642,-73.952415,1
2023/09/06 00:00:00.000,40.74044,-73.9946,1
2023/09/06 00:00:00.000,40.777924,-73.94863,1
2023/09/06 00:00:00.000,40.7441,-73.97637,1
2023/09/07 00:00:00.000,40.802017,-73.94965,1
2023/09/07 00:00:00.000,40.810307,-73.951515,1
2023/09/07 00:00:00.000,40.8651,-73.92189,1
2023/09/07 00:00:00.000,40.80118,-73.93975,1
2023/09/08 00:00:00.000,40.71835,-74.00195,1
2023/09/08 00:00:00.000,40.75505,-73.99248,1
2023/09/08 00:00:00.000,40.721622000000004,-74.00221,1
2023/09/08 00:00:00.000,40.75927,-73.980896,1
2023/09/08 00:00:00.000,40.763546,-73.969345,1
2023/09/08 00:00:00.000,40.760937,-73.971245,1
2023/09/09 00:00:00.000,40.767918,-73.985725,1
2023/09/09 00:00:00.000,40.785492,-73.984116,1
2023/09/09 00:00:00.000,40.763428,-73.99271,1
2023/09/09 00:00:00.000,40.714943,-73.976654,1
2023/09/10 00:00:00.000,40.728462,-73.97568,1
2023/09/10 00:00:00.000,40.78056,-73.98022,1
2023/09/10 00:00:00.000,40.724857,-73.99236,1
2023/09/11 00:00:00.000,40.753475,-73.99254,1
2023/09/11 00:00:00.000,40.754154,-73.9804,1
2023/09/11 00:00:00.000,40.738667,-73.98279,1
2023/09/11 00:00:00.000,40.79079,-73.94282,1
2023/09/12 00:00:00.000,40.7447,-74.008354,1
2023/09/12 00:00:00.000,40.829647,-73.94439,1
2023/09/12 00:00:00.000,40.76484,-73.98054,1
2023/09/12 00:00:00.000,40.788357,-73.97453,1
2023/09/13 00:00:00.000,40.73337,-74.00258,1
2023/09/13 00:00:00.000,40.758427,-73.99264,1
2023/09/13 00:00:00.000,40.80016,-73.93538,1
2023/09/14 00:00:00.000,0,0,1
2023/09/14 00:00:00.000,40.7366,-73.98185,1
2023/09/14 00:00:00.000,40.809875,-73.93674,1
2023/09/14 00:00:00.000,40.71463,-73.98226,1
2023/09/14 00:00:00.000,40.712357,-74.0009,1
2023/09/14 00:00:00.000,40.765675,-73.97624,1
2023/09/14 00:00:00.000,40.711697,-74.00088,1
2023/09/14 00:00:00.000,40.76542,-73.98383,1
2023/09/15 00:00:00.000,40.747295,-73.97405,1
2023/09/15 00:00:00.000,40.73305,-74.00642,1
2023/09/15 00:00:00.000,40.75484,-73.98412,1
2023/09/15 00:00:00.000,40.750843,-73.99026,1
2023/09/15 00:00:00.000,40.738018,-73.983734,1
2023/09/15 00:00:00.000,40.759197,-73.98463,1
2023/09/16 00:00:00.000,40.744186,-73.991875,1
2023/09/16 00:00:00.000,40.752537,-73.989525,1
2023/09/16 00:00:00.000,40.860527,-73.91939,1
2023/09/16 00:00:00.000,40.760403,-73.98748,1
2023/09/17 00:00:00.000,40.786938,-73.979294,1
2023/09/17 00:00:00.000,40.79889,-73.94777,1
2023/09/18 00:00:00.000,40.72639,-73.991806,1
2023/09/18 00:00:00.000,40.759983,-73.964806,1
2023/09/18 00:00:00.000,40.829163,-73.93727,1
2023/09/18 00:00:00.000,40.781837,-73.979294,1
2023/09/18 00:00:00.000,40.789204,-73.95483,1
2023/09/19 00:00:00.000,40.766205,-73.96208,1
2023/09/19 00:00:00.000,40.77012,-73.9535,1
2023/09/19 00:00:00.000,40.737633,-73.98034,1
2023/09/19 00:00:00.000,40.762672,-73.9821,1
2023/09/19 00:00:00.000,40.846138,-73.93424,1
2023/09/19 00:00:00.000,40.76079,-73.98452,1
2023/09/19 00:00:00.000,40.76524,-73.95788,1
2023/09/20 00:00:00.000,40.79993,-73.940674,1
2023/09/20 00:00:00.000,40.75112,-73.97127,1
2023/09/20 00:00:00.000,40.716972,-73.99446,1
2023/09/20 00:00:00.000,40.75337,-73.974655,1
2023/09/20 00:00:00.000,40.866314,-73.9186,1
2023/09/21 00:00:00.000,40.740177,-73.99059,1
2023/09/21 00:00:00.000,40.83468,-73.944435,1
2023/09/21 00:00:00.000,40.76912,-73.95505,1
2023/09/21 00:00:00.000,40.74484,-73.97813,1
2023/09/22 00:00:00.000,40.75388,-73.96616,1
2023/09/22 00:00:00.000,40.783726,-73.94989,1
2023/09/22 00:00:00.000,40.84105,-73.94469,2
2023/09/22 00:00:00.000,40.828346,-73.94906,1
2023/09/23 00:00:00.000,40.777874,-73.95175,1
2023/09/23 00:00:00.000,40.761856,-73.96343,1
2023/09/23 00:00:00.000,40.79318,-73.94854,1
2023/09/23 00:00:00.000,40.752026,-73.9706,1
2023/09/23 00:00:00.000,40.798935,-73.93637,1
2023/09/24 00:00:00.000,40.786545,-73.95256,1
2023/09/24 00:00:00.000,40.802544,-73.93878,1
2023/09/24 00:00:00.000,40.777874,-73.95175,1
2023/09/24 00:00:00.000,40.727974,-73.98813,1
2023/09/24 00:00:00.000,40.84241,-73.93536,1
2023/09/25 00:00:00.000,40.77242,-73.97873,1
2023/09/25 00:00:00.000,40.78106,-73.94943,1
2023/09/25 00:00:00.000,40.787224,-73.95417,1
2023/09/25 00:00:00.000,40.772373,-73.96079,2
2023/09/25 00:00:00.000,40.740795,-73.98931,1
2023/09/26 00:00:00.000,40.76624,-73.960236,1
2023/09/26 00:00:00.000,40.71373,-74.01385,1
2023/09/26 00:00:00.000,40.778183,-73.948425,1
2023/09/26 00:00:00.000,40.82523,-73.94761,1
2023/09/26 00:00:00.000,40.77453,-73.95108,1
2023/09/26 00:00:00.000,40.76168,-73.98268,1
2023/09/26 00:00:00.000,40.736958,-74.00826,1
2023/09/26 00:00:00.000,40.72899,-74.002556,1
2023/09/26 00:00:00.000,40.872314,-73.91274,1
2023/09/26 00:00:00.000,40.810337,-73.95155,1
2023/09/27 00:00:00.000,40.848938,-73.93708,1
2023/09/27 00:00:00.000,40.793186,-73.94057,1
2023/09/27 00:00:00.000,40.735313,-73.994125,1
2023/09/27 00:00:00.000,40.822834,-73.941925,1
2023/09/27 00:00:00.000,40.756035,-73.98695,1
2023/09/28 00:00:00.000,40.784554,-73.94379,1
2023/09/28 00:00:00.000,40.788055,-73.94433,1
2023/09/28 00:00:00.000,40.744286,-74.00737,1
2023/09/28 00:00:00.000,40.78791,-73.95579,1
2023/09/28 00:00:00.000,40.732925,-74.00007,1
2023/09/28 00:00:00.000,40.740185,-73.986374,1
2023/09/28 00:00:00.000,40.742355,-73.97218,1
2023/09/28 00:00:00.000,40.844677,-73.93886,1
2023/09/28 00:00:00.000,40.850906,-73.93829,1
2023/09/29 00:00:00.000,40.81053,-73.96206,1
2023/09/29 00:00:00.000,40.76428,-73.97302,1
2023/09/29 00:00:00.000,40.750957,-73.98273,1
2023/09/29 00:00:00.000,40.741547,-73.98958,1
2023/09/29 00:00:00.000,40.7603,-73.99499,1
2023/09/29 00:00:00.000,40.808292,-73.94883,1
2023/09/30 00:00:00.000,40.764626,-73.972755,1
2023/09/30 00:00:00.000,40.78646,-73.9484,1
2023/09/30 00:00:00.000,40.736034,-73.99781,1
2023/10/01 00:00:00.000,40.823257,-73.94293,1
2023/10/01 00:00:00.000,40.741547,-73.98958,1
2023/10/01 00:00:00.000,40.7395,-73.98267,2
2023/10/01 00:00:00.000,40.787773,-73.949524,1
2023/10/01 00:00:00.000,0,0,1
2023/10/02 00:00:00.000,40.776016,-73.98724,1
2023/10/02 00:00:00.000,40.78452,-73.97948,1
2023/10/02 00:00:00.000,40.762966,-73.973976,1
2023/10/03 00:00:00.000,40.812073,-73.93604,1
2023/10/03 00:00:00.000,40.719482,-73.991295,1
2023/10/03 00:00:00.000,40.705624,-74.006775,1
2023/10/04 00:00:00.000,40.781193,-73.97975,1
2023/10/04 00:00:00.000,40.743423,-73.999855,1
2023/10/04 00:00:00.000,40.728603,-74.005325,1
2023/10/04 00:00:00.000,40.806408,-73.94016,1
2023/10/04 00:00:00.000,40.7441,-73.99565,1
2023/10/04 00:00:00.000,40.720432,-73.99987,1
2023/10/05 00:00:00.000,40.716442,-73.98837,1
2023/10/05 00:00:00.000,40.74463,-73.99898,1
2023/10/05 00:00:00.000,40.803215,-73.95254,1
2023/10/05 00:00:00.000,40.705788,-74.00553,1
2023/10/05 00:00:00.000,40.864235,-73.9209,1
2023/10/05 00:00:00.000,40.84772,-73.933075,1
2023/10/05 00:00:00.000,40.78637,-73.94029,1
2023/10/05 00:00:00.000,40.81666,-73.938995,1
2023/10/06 00:00:00.000,40.759842,-73.984184,1
2023/10/06 00:00:00.000,40.74581,-74.00554,1
2023/10/06 00:00:00.000,40.76609,-73.96959,1
2023/10/06 00:00:00.000,40.751915,-73.98114,1
2023/10/07 00:00:00.000,40.790253,-73.94564,1
2023/10/07 00:00:00.000,40.729702,-74.00073,1
2023/10/07 00:00:00.000,40.781193,-73.97975,1
2023/10/07 00:00:00.000,40.813778,-73.959694,1
2023/10/07 00:00:00.000,40.829735,-73.938644,1
2023/10/07 00:00:00.000,40.71504,-73.99681,1
2023/10/07 00:00:00.000,40.727154,-74.005554,1
2023/10/07 00:00:00.000,40.73656,-74.0011,1
2023/10/08 00:00:00.000,40.757385,-73.98226,1
2023/10/09 00:00:00.000,40.797943,-73.94003,1
2023/10/09 00:00:00.000,40.75079,-73.99605,1
2023/10/09 00:00:00.000,40.73736,-73.99685,1
2023/10/10 00:00:00.000,40.815304,-73.94371,1
2023/10/10 00:00:00.000,40.773655,-73.95173,1
2023/10/10 00:00:00.000,40.74967,-73.99531,1
2023/10/10 00:00:00.000,40.75889,-73.98968,1
2023/10/11 00:00:00.000,40.824184,-73.93723,1
2023/10/11 00:00:00.000,40.741077,-74.001564,1
2023/10/11 00:00:00.000,40.76781,-73.96202,1
2023/10/11 00:00:00.000,40.746773,-73.985794,1
2023/10/11 00:00:00.000,40.810173,-73.95117,1
2023/10/11 00:00:00.000,40.753387,-73.99631,1
2023/10/11 00:00:00.000,40.748466,-73.99247,1
2023/10/11 00:00:00.000,40.820965,-73.939575,1
2023/10/12 00:00:00.000,40.761875,-74.00085,1
2023/10/12 00:00:00.000,40.757973,-73.98554,2
2023/10/12 00:00:00.000,40.75671,-73.986465,1
2023/10/12 00:00:00.000,40.75587,-73.98446,1
2023/10/12 00:00:00.000,40.78519,-73.94934,1
2023/10/13 00:00:00.000,40.865364,-73.92439,1
2023/10/13 00:00:00.000,40.750774,-73.97655,1
2023/10/13 00:00:00.000,40.825954,-73.94337,1
2023/10/13 00:00:00.000,40.7606,-73.964325,1
2023/10/14 00:00:00.000,40.861256,-73.925674,1
2023/10/14 00:00:00.000,40.764896,-73.97256,1
2023/10/14 00:00:00.000,40.745068,-73.97258,1
2023/10/15 00:00:00.000,40.715553,-73.98976,1
2023/10/15 00:00:00.000,40.75433,-73.99263,1
2023/10/15 00:00:00.000,40.785713,-73.950554,1
2023/10/15 00:00:00.000,40.7528,-73.979294,1
2023/10/16 00:00:00.000,40.771713,-73.94713,1
2023/10/16 00:00:00.000,40.76444,-73.97747,1
2023/10/16 00:00:00.000,40.788948,-73.94057,1
2023/10/16 00:00:00.000,40.841667,-73.94113,1
2023/10/16 00:00:00.000,40.720074,-73.988365,1
2023/10/16 00:00:00.000,40.783566,-73.947586,1
2023/10/17 00:00:00.000,40.771152,-73.97966,1
2023/10/17 00:00:00.000,40.756035,-73.98695,1
2023/10/17 00:00:00.000,40.719204,-73.99037,1
2023/10/17 00:00:00.000,40.719837,-74.005196,1
2023/10/17 00:00:00.000,40.810764,-73.9526,1
2023/10/18 00:00:00.000,40.799458,-73.95154,1
2023/10/18 00:00:00.000,40.784943,-73.946594,1
2023/10/18 00:00:00.000,40.727974,-73.98813,1
2023/10/19 00:00:00.000,40.796577,-73.938034,1
2023/10/19 00:00:00.000,40.775146,-73.98419,1
2023/10/19 00:00:00.000,40.712646,-73.98998,1
2023/10/19 00:00:00.000,40.74284,-74.00028,1
2023/10/19 00:00:00.000,40.738686,-73.99588,1
2023/10/19 00:00:00.000,40.758022,-73.98763,1
2023/10/19 00:00:00.000,40.740204,-73.98846,1
2023/10/19 00:00:00.000,40.71174,-74.006996,1
2023/10/19 00:00:00.000,40.742588,-73.980415,1
2023/10/19 00:00:00.000,40.78393,-73.94423,1
2023/10/20 00:00:00.000,40.75216,-73.987495,1
2023/10/20 00:00:00.000,40.736965,-74.00996,1
2023/10/20 00:00:00.000,40.846138,-73.93424,1
2023/10/20 00:00:00.000,40.806915,-73.93557,1
2023/10/20 00:00:00.000,40.814102,-73.940865,1
2023/10/20 00:00:00.000,40.814186,-73.9607,1
2023/10/20 00:00:00.000,40.742226,-73.99702,1
2023/10/20 00:00:00.000,40.766712,-73.98289,1
2023/10/21 00:00:00.000,40.799255,-73.93906,1
2023/10/21 00:00:00.000,0,0,1
2023/10/21 00:00:00.000,40.846622000000004,-73.93732,1
2023/10/21 00:00:00.000,40.733215,-74.00304,1
2023/10/21 00:00:00.000,40.75519,-73.97122,1
2023/10/21 00:00:00.000,40.77855,-73.951256,1
2023/10/22 00:00:00.000,40.718266,-73.9893,1
2023/10/22 00:00:00.000,40.766712,-73.98289,1
2023/10/22 00:00:00.000,40.770424,-73.96222,1
2023/10/22 00:00:00.000,40.717197,-73.990710000000007,1
2023/10/22 00:00:00.000,40.798836,-73.96687,1
2023/10/22 00:00:00.000,40.754055,-73.99583,1
2023/10/22 00:00:00.000,40.744064,-73.987755,1
2023/10/23 00:00:00.000,40.78808,-73.95615,1
2023/10/23 00:00:00.000,40.817173,-73.94607,1
2023/10/23 00:00:00.000,40.846725,-73.93563,1
2023/10/23 00:00:00.000,40.728363,-74.00282,2
2023/10/23 00:00:00.000,40.820827,-73.950836,1
2023/10/24 00:00:00.000,40.722977,-74.005066,1
2023/10/24 00:00:00.000,40.714417,-74.006096,1
2023/10/24 00:00:00.000,40.732784,-73.99759,1
2023/10/24 00:00:00.000,40.78169,-73.94897,1
2023/10/24 00:00:00.000,40.77202,-73.956024,1
2023/10/24 00:00:00.000,40.728878,-73.98081,1
2023/10/24 00:00:00.000,40.76682,-73.98282,1
2023/10/25 00:00:00.000,40.707302,-74.00758,1
2023/10/25 00:00:00.000,40.72746,-73.983154,1
2023/10/25 00:00:00.000,40.74568,-73.97213,1
2023/10/25 00:00:00.000,40.79166,-73.96469,1
2023/10/25 00:00:00.000,40.781757,-73.98307,1
2023/10/25 00:00:00.000,40.723515,-73.982376,1
2023/10/25 00:00:00.000,40.76285,-73.967735,1
2023/10/25 00:00:00.000,40.70953,-74.00842,1
2023/10/25 00:00:00.000,40.79824,-73.95247,1
2023/10/25 00:00:00.000,40.7169,-73.986206,1
2023/10/25 00:00:00.000,40.79507,-73.93919,1
2023/10/26 00:00:00.000,40.79525,-73.97321,1
2023/10/26 00:00:00.000,40.717197,-73.990710000000007,1
2023/10/26 00:00:00.000,40.84105,-73.94469,1
2023/10/26 00:00:00.000,40.76624,-73.960236,1
2023/10/26 00:00:00.000,40.76311,-73.962524,1
2023/10/26 00:00:00.000,40.77954,-73.988,1
2023/10/26 00:00:00.000,40.766476,-73.986755,1
2023/10/26 00:00:00.000,40.844135,-73.93752,1
2023/10/27 00:00:00.000,40.800262,-73.94554,1
2023/10/28 00:00:00.000,0,0,1
2023/10/28 00:00:00.000,40.761864,-73.97541,1
2023/10/28 00:00:00.000,40.771656,-73.95319,1
2023/10/28 00:00:00.000,40.74554,-73.989365,1
2023/10/28 00:00:00.000,40.84989,-73.93332,1
2023/10/29 00:00:00.000,40.774292,-73.95127,1
2023/10/29 00:00:00.000,40.833576,-73.941505,1
2023/10/29 00:00:00.000,40.800556,-73.94021,1
2023/10/29 00:00:00.000,40.72146,-73.99293,1
2023/10/30 00:00:00.000,40.75425,-73.96899,1
2023/10/30 00:00:00.000,40.71816,-73.99794,1
2023/10/30 00:00:00.000,40.747852,-73.99291,1
2023/10/30 00:00:00.000,40.720074,-73.988365,1
2023/10/30 00:00:00.000,40.81728,-73.938545,1
2023/10/30 00:00:00.000,40.81408,-73.95688,1
2023/10/30 00:00:00.000,40.761856,-73.96343,1
2023/10/30 00:00:00.000,40.771088,-73.98343,1
2023/10/30 00:00:00.000,40.762062,-73.983635,1
2023/10/30 00:00:00.000,40.758755,-73.9787,1
2023/10/30 00:00:00.000,40.719395,-74.00189,1
2023/10/31 00:00:00.000,40.767117,-73.956505,1
2023/10/31 00:00:00.000,40.720707,-73.981316,1
2023/10/31 00:00:00.000,40.717407,-73.987885,1
2023/10/31 00:00:00.000,40.74666,-73.990074,1
2023/10/31 00:00:00.000,40.812813,-73.94955,1
2023/10/31 00:00:00.000,0,0,1
2023/10/31 00:00:00.000,40.77299,-73.982086,1
2023/10/31 00:00:00.000,40.78517,-73.94332,1
2023/10/31 00:00:00.000,40.7963,-73.93829,1
2023/11/01 00:00:00.000,40.76725,-73.95873,1
2023/11/01 00:00:00.000,40.750763,-73.97445,1
2023/11/01 00:00:00.000,40.752693,-73.97305,1
2023/11/01 00:00:00.000,40.810253,-73.95139,1
2023/11/02 00:00:00.000,40.722324,-74.01176,1
2023/11/02 00:00:00.000,40.727867,-73.99315,1
2023/11/02 00:00:00.000,40.781025,-73.981316,1
2023/11/02 00:00:00.000,40.714165,-74.00632,1
2023/11/02 00:00:00.000,40.753944,-73.972145,1
2023/11/03 00:00:00.000,40.723423,-73.99962,1
2023/11/03 00:00:00.000,40.775333,-73.98768,1
2023/11/03 00:00:00.000,40.744576,-73.996765,1
2023/11/03 00:00:00.000,40.717724,-73.98577,2
2023/11/03 00:00:00.000,0,0,1
2023/11/03 00:00:00.000,40.737564,-73.99736,1
2023/11/04 00:00:00.000,40.736156,-74.00592,1
2023/11/04 00:00:00.000,40.765312,-73.972244,1
2023/11/04 00:00:00.000,40.81417,-73.93431,1
2023/11/05 00:00:00.000,40.861935,-73.92078,1
2023/11/05 00:00:00.000,40.785294,-73.969345,1
2023/11/05 00:00:00.000,40.822166,-73.94242,1
2023/11/05 00:00:00.000,40.763657,-73.97347,1
2023/11/05 00:00:00.000,40.74291,-73.99281,1
2023/11/05 00:00:00.000,40.821636,-73.93909,1
2023/11/05 00:00:00.000,40.77207,-73.94994,1
2023/11/05 00:00:00.000,40.78148,-73.94911,1
2023/11/05 00:00:00.000,40.785805,-73.942856,1
2023/11/06 00:00:00.000,40.785866,-73.950935,1
2023/11/06 00:00:00.000,40.792244,-73.94629,1
2023/11/06 00:00:00.000,40.76713,-73.99373,1
2023/11/06 00:00:00.000,40.804737,-73.951416,1
2023/11/06 00:00:00.000,40.74768,-73.97498,1
2023/11/06 00:00:00.000,40.848873,-73.9391,1
2023/11/07 00:00:00.000,40.811623,-73.950584,1
2023/11/07 00:00:00.000,40.71705,-74.01443,1
2023/11/07 00:00:00.000,40.747295,-73.97405,1
2023/11/08 00:00:00.000,40.714928,-74.00795,1
2023/11/08 00:00:00.000,40.72098,-73.98696,1
2023/11/08 00:00:00.000,40.757114,-73.98955,1
2023/11/08 00:00:00.000,40.7502,-74.00426,1
2023/11/09 00:00:00.000,40.756557,-73.986115,1
2023/11/10 00:00:00.000,40.744495,-73.98112,1
2023/11/10 00:00:00.000,40.789253,-73.98086,1
2023/11/10 00:00:00.000,40.847355,-73.93518,1
2023/11/10 00:00:00.000,40.798935,-73.93637,1
2023/11/11 00:00:00.000,40.789722,-73.94033,1
2023/11/11 00:00:00.000,40.754684,-73.984245,1
2023/11/11 00:00:00.000,40.731064,-74.00142,1
2023/11/11 00:00:00.000,40.725582,-74.004745,1
2023/11/12 00:00:00.000,40.76677,-73.971190000000007,1
2023/11/12 00:00:00.000,40.75529,-73.99493,1
2023/11/12 00:00:00.000,40.821274,-73.93936,1
2023/11/12 00:00:00.000,40.71738,-73.99131,1
2023/11/12 00:00:00.000,40.71431,-73.987175,1
2023/11/13 00:00:00.000,40.847355,-73.93518,1
2023/11/13 00:00:00.000,40.773834,-73.95627,1
2023/11/14 00:00:00.000,40.77324,-73.96229,1
2023/11/14 00:00:00.000,40.761486,-73.96061,1
2023/11/14 00:00:00.000,40.865955,-73.92988,1
2023/11/14 00:00:00.000,40.794052,-73.970375,1
2023/11/14 00:00:00.000,40.801155,-73.959656,1
2023/11/14 00:00:00.000,40.790253,-73.94564,1
2023/11/14 00:00:00.000,40.76591,-73.96341,1
2023/11/14 00:00:00.000,40.730057,-73.999374,1
2023/11/14 00:00:00.000,40.79856,-73.96336,1
2023/11/14 00:00:00.000,40.709835,-74.014885,1
2023/11/14 00:00:00.000,40.834892,-73.93776,1
2023/11/14 00:00:00.000,40.717278,-73.99544,1
2023/11/15 00:00:00.000,40.740185,-73.986374,1
2023/11/15 00:00:00.000,40.766445,-73.98333,1
2023/11/15 00:00:00.000,40.759396,-73.9831,1
2023/11/16 00:00:00.000,40.747826,-73.98711,1
2023/11/16 00:00:00.000,40.7463,-73.971664,1
2023/11/16 00:00:00.000,40.78123,-73.94786,1
2023/11/16 00:00:00.000,40.718555,-73.988205,1
2023/11/16 00:00:00.000,40.841152,-73.942696,1
2023/11/16 00:00:00.000,40.7441,-73.97637,1
2023/11/17 00:00:00.000,40.768436,-73.98906,1
2023/11/17 00:00:00.000,40.713554,-73.98086,1
2023/11/17 00:00:00.000,40.804375,-73.93742,1
2023/11/17 00:00:00.000,40.78843,-73.94907,1
2023/11/17 00:00:00.000,40.794754,-73.94235,1
2023/11/17 00:00:00.000,40.736584,-73.99498,1
2023/11/18 00:00:00.000,40.80797,-73.94598,1
2023/11/18 00:00:00.000,40.750988,-73.99063,1
2023/11/18 00:00:00.000,40.805096,-73.95488,1
2023/11/18 00:00:00.000,40.77683,-73.989136,1
2023/11/19 00:00:00.000,40.710697,-73.984634,1
2023/11/20 00:00:00.000,40.711895,-73.99958,1
2023/11/20 00:00:00.000,40.863144,-73.920525,1
2023/11/20 00:00:00.000,40.78917,-73.95275,1
2023/11/20 00:00:00.000,40.83349,-73.94158,1
2023/11/20 00:00:00.000,40.764286,-73.95562,1
2023/11/21 00:00:00.000,40.717262,-73.994316,1
2023/11/21 00:00:00.000,40.768795,-73.958374,1
2023/11/21 00:00:00.000,40.758224,-73.96607,1
2023/11/21 00:00:00.000,40.778137,-73.95449,1
2023/11/21 00:00:00.000,40.74476,-73.99516,1
2023/11/21 00:00:00.000,40.80202,-73.94969,1
2023/11/21 00:00:00.000,40.76155,-73.96659,1
2023/11/21 00:00:00.000,40.780857,-73.958824,1
2023/11/21 00:00:00.000,40.74788,-73.97543,1
2023/11/21 00:00:00.000,40.816025,-73.93947,1
2023/11/21 00:00:00.000,40.848736,-73.93234,1
2023/11/21 00:00:00.000,40.785923,-73.955124,1
2023/11/21 00:00:00.000,40.769268,-73.96937,1
2023/11/22 00:00:00.000,40.804417,-73.955376,1
2023/11/22 00:00:00.000,40.86769,-73.92122,1
2023/11/22 00:00:00.000,40.715046,-74.0056,1
2023/11/22 00:00:00.000,40.72293,-73.98865,1
2023/11/23 00:00:00.000,40.718296,-73.994286,1
2023/11/23 00:00:00.000,40.717594,-73.99634,1
2023/11/23 00:00:00.000,40.768436,-73.98906,1
2023/11/23 00:00:00.000,40.848625,-73.93425,1
2023/11/24 00:00:00.000,40.762707,-73.98322,2
2023/11/24 00:00:00.000,40.765015,-73.98484,1
2023/11/25 00:00:00.000,40.73453,-73.99227,1
2023/11/26 00:00:00.000,40.8614,-73.92527,1
2023/11/26 00:00:00.000,40.815205,-73.947495,1
2023/11/26 00:00:00.000,40.72441,-73.99763,1
2023/11/27 00:00:00.000,40.865795,-73.920006,1
2023/11/27 00:00:00.000,40.767235,-73.96454,1
2023/11/27 00:00:00.000,40.76812,-73.95887,1
2023/11/27 00:00:00.000,40.818394,-73.95089,1
2023/11/28 00:00:00.000,40.737885,-73.98091,1
2023/11/28 00:00:00.000,40.75753,-73.97795,1
2023/11/28 00:00:00.000,40.741333,-73.98975,1
2023/11/28 00:00:00.000,40.773697,-73.98894,1
2023/11/28 00:00:00.000,40.751656,-73.99014,1
2023/11/29 00:00:00.000,40.736034,-73.99781,1
2023/11/29 00:00:00.000,40.82211,-73.94809,1
2023/11/29 00:00:00.000,40.740643,-73.97581,1
2023/11/29 00:00:00.000,40.794464,-73.93964,1
2023/11/30 00:00:00.000,40.76161,-73.97076,1
2023/11/30 00:00:00.000,40.796074,-73.94349,1
2023/11/30 00:00:00.000,40.787693,-73.98115,1
2023/12/01 00:00:00.000,40.78888,-73.97786,1
2023/12/01 00:00:00.000,40.752117,-73.97556,1
2023/12/01 00:00:00.000,40.731964,-73.98816,1
2023/12/01 00:00:00.000,40.75843,-73.973076,1
