crash_date,latitude,longitude,num_of_cyclist_injured
2023/01/02 00:00:00.000,40.78519,-73.94934,1
2023/01/02 00:00:00.000,40.752743,-73.97511,1
2023/01/02 00:00:00.000,40.801857,-73.957245,1
2023/01/02 00:00:00.000,40.819893,-73.946724,1
2023/01/03 00:00:00.000,40.790165,-73.95411,1
2023/01/03 00:00:00.000,40.772343,-73.95269,1
2023/01/04 00:00:00.000,40.754314,-73.98687,1
2023/01/04 00:00:00.000,40.74391,-73.97944,1
2023/01/04 00:00:00.000,40.736,-74.01004,1
2023/01/05 00:00:00.000,40.755806,-73.98641,1
2023/01/05 00:00:00.000,40.81183,-73.96112,1
2023/01/06 00:00:00.000,40.72135,-74.00465,1
2023/01/06 00:00:00.000,40.851433,-73.93509,1
2023/01/07 00:00:00.000,40.742283,-74.004425,1
2023/01/07 00:00:00.000,40.807095,-73.945984,1
2023/01/07 00:00:00.000,40.7326,-73.987686,1
2023/01/08 00:00:00.000,40.801285,-73.95394,1
2023/01/08 00:00:00.000,40.803425,-73.933090000000007,1
2023/01/09 00:00:00.000,40.80781,-73.945564,1
2023/01/10 00:00:00.000,40.796608,-73.93683,1
2023/01/11 00:00:00.000,40.72881,-73.99507,1
2023/01/11 00:00:00.000,40.76104,-73.99882,1
2023/01/11 00:00:00.000,40.821445,-73.950386,1
2023/01/12 00:00:00.000,40.80151,-73.95007,1
2023/01/12 00:00:00.000,40.743824,-73.979515,1
2023/01/12 00:00:00.000,40.798332,-73.94187,1
2023/01/13 00:00:00.000,40.718555,-73.988205,1
2023/01/13 00:00:00.000,40.795326,-73.9713,1
2023/01/13 00:00:00.000,40.810173,-73.95117,1
2023/01/14 00:00:00.000,40.827774,-73.945755,1
2023/01/14 00:00:00.000,40.750763,-73.97445,1
2023/01/14 00:00:00.000,0,0,1
2023/01/14 00:00:00.000,40.729774,-73.98682,1
2023/01/15 00:00:00.000,40.790936,-73.968925,1
2023/01/16 00:00:00.000,40.718002,-73.98659,1
2023/01/17 00:00:00.000,40.73166,-73.98545,1
2023/01/18 00:00:00.000,40.73723,-74.000656,1
2023/01/18 00:00:00.000,40.792362,-73.96418,1
2023/01/18 00:00:00.000,40.79162,-73.94885,1
2023/01/18 00:00:00.000,40.787693,-73.94148,1
2023/01/19 00:00:00.000,40.838425,-73.941696,1
2023/01/19 00:00:00.000,40.765842,-73.98725,1
2023/01/20 00:00:00.000,40.841152,-73.942696,1
2023/01/20 00:00:00.000,40.776016,-73.98724,1
2023/01/20 00:00:00.000,40.72224,-73.9863,1
2023/01/21 00:00:00.000,40.822643,-73.953224,1
2023/01/22 00:00:00.000,40.84572,-73.936356,1
2023/01/23 00:00:00.000,40.757008,-73.96388,1
2023/01/24 00:00:00.000,40.75435,-73.9673,1
2023/01/25 00:00:00.000,40.772797,-73.9822,1
2023/01/25 00:00:00.000,40.748158,-73.97033,1
2023/01/25 00:00:00.000,40.774227,-73.98112,1
2023/01/27 00:00:00.000,40.799,-73.95189,1
2023/01/27 00:00:00.000,40.758537,-73.97721,1
2023/01/27 00:00:00.000,40.72595,-73.99633,1
2023/01/29 00:00:00.000,40.758633,-73.96579,1
2023/01/29 00:00:00.000,40.76099,-73.99077,1
2023/01/30 00:00:00.000,40.78211,-73.955795,1
2023/01/30 00:00:00.000,40.766445,-73.98333,1
2023/01/30 00:00:00.000,40.714264,-73.980934,1
2023/02/01 00:00:00.000,40.778606,-73.98163,1
2023/02/01 00:00:00.000,40.758465,-73.970924,1
2023/02/01 00:00:00.000,40.74568,-73.97213,1
2023/02/01 00:00:00.000,40.744778,-73.97589,1
2023/02/01 00:00:00.000,40.748978,-73.97579,1
2023/02/02 00:00:00.000,40.760418,-73.97584,1
2023/02/02 00:00:00.000,40.812073,-73.93604,1
2023/02/02 00:00:00.000,40.72352,-73.987,1
2023/02/02 00:00:00.000,40.76177,-73.979065,1
2023/02/03 00:00:00.000,40.721024,-74.00526,1
2023/02/03 00:00:00.000,40.763023,-73.97815,1
2023/02/04 00:00:00.000,40.72007,-73.98744,1
2023/02/04 00:00:00.000,40.746204,-73.985146,1
2023/02/05 00:00:00.000,40.856712,-73.93264,1
2023/02/06 00:00:00.000,40.8122,-73.94226,1
2023/02/06 00:00:00.000,40.791786,-73.94451,1
2023/02/06 00:00:00.000,40.730793,-73.98113,1
2023/02/06 00:00:00.000,40.7528,-73.979294,1
2023/02/07 00:00:00.000,40.802807,-73.94553,1
2023/02/07 00:00:00.000,40.736603,-73.995026,1
2023/02/08 00:00:00.000,40.720833,-73.997665,1
2023/02/08 00:00:00.000,40.721474,-73.98383,1
2023/02/09 00:00:00.000,40.764053,-73.96476,1
2023/02/10 00:00:00.000,40.807735,-73.93707,1
2023/02/10 00:00:00.000,40.753242,-73.96662,1
2023/02/10 00:00:00.000,40.824554,-73.94196,1
2023/02/10 00:00:00.000,40.728596,-73.98768,2
2023/02/10 00:00:00.000,40.73653,-73.99076,1
2023/02/10 00:00:00.000,40.865795,-73.920006,1
2023/02/11 00:00:00.000,40.7509,-73.99812,1
2023/02/11 00:00:00.000,40.77882,-73.953995,1
2023/02/11 00:00:00.000,40.81275,-73.94558,1
2023/02/12 00:00:00.000,40.796215,-73.94969,1
2023/02/12 00:00:00.000,40.723648,-73.99103,1
2023/02/13 00:00:00.000,40.780437,-73.94989,1
2023/02/13 00:00:00.000,40.73552,-73.99399,1
2023/02/14 00:00:00.000,40.75831,-73.98251,1
2023/02/14 00:00:00.000,40.71955,-73.98771,1
2023/02/14 00:00:00.000,40.719025,-73.98978,1
2023/02/14 00:00:00.000,40.752617,-73.96708,1
2023/02/15 00:00:00.000,40.717518,-73.99173,1
2023/02/15 00:00:00.000,40.75462,-73.97374,1
2023/02/15 00:00:00.000,40.758022,-73.981804,1
2023/02/15 00:00:00.000,40.707684,-74.015686,1
2023/02/16 00:00:00.000,40.735863,-73.98915,1
2023/02/16 00:00:00.000,40.70777,-74.01297,1
2023/02/17 00:00:00.000,40.78169,-73.94897,1
2023/02/17 00:00:00.000,0,0,1
2023/02/17 00:00:00.000,40.78722,-73.952065,1
2023/02/17 00:00:00.000,40.851093,-73.93244,1
2023/02/17 00:00:00.000,40.85238,-73.9315,1
2023/02/18 00:00:00.000,40.725693,-73.98669,1
2023/02/19 00:00:00.000,40.76552,-73.97211,1
2023/02/19 00:00:00.000,40.80275,-73.93358,1
2023/02/19 00:00:00.000,40.780754,-73.95258,1
2023/02/19 00:00:00.000,40.72293,-73.98865,1
2023/02/20 00:00:00.000,40.723366,-73.99571,1
2023/02/20 00:00:00.000,40.81401,-73.94466,1
2023/02/21 00:00:00.000,40.779434,-73.94752,1
2023/02/21 00:00:00.000,40.771385,-73.95648,1
2023/02/21 00:00:00.000,40.769226,-73.98477,1
2023/02/21 00:00:00.000,40.784943,-73.946594,1
2023/02/22 00:00:00.000,40.844135,-73.93752,1
2023/02/22 00:00:00.000,40.799576,-73.935905,1
2023/02/22 00:00:00.000,40.86357,-73.92602,1
2023/02/23 00:00:00.000,40.77408,-73.9568,1
2023/02/23 00:00:00.000,40.719970000000004,-73.992905,1
2023/02/23 00:00:00.000,40.72388,-73.98209,1
2023/02/25 00:00:00.000,40.769062,-73.96112,1
2023/02/25 00:00:00.000,40.717724,-73.98577,1
2023/02/25 00:00:00.000,40.724228,-74.00423,1
2023/02/26 00:00:00.000,40.75898,-73.99595,1
2023/02/26 00:00:00.000,40.75927,-73.980896,1
2023/02/27 00:00:00.000,40.77178,-73.9792,1
2023/02/27 00:00:00.000,40.820095,-73.955086,1
2023/02/28 00:00:00.000,40.767242,-73.986206,1
2023/02/28 00:00:00.000,40.740185,-73.986374,1
2023/02/28 00:00:00.000,40.74102,-73.97862,1
2023/02/28 00:00:00.000,40.745285,-73.98874,1
2023/03/01 00:00:00.000,40.756767,-73.98272,1
2023/03/01 00:00:00.000,40.790813,-73.976456,1
2023/03/01 00:00:00.000,40.808839999999996,-73.96582,1
2023/03/01 00:00:00.000,40.825905,-73.94712,1
2023/03/02 00:00:00.000,40.84706,-73.93818,1
2023/03/02 00:00:00.000,40.713055,-74.00723,1
2023/03/03 00:00:00.000,0,0,1
2023/03/03 00:00:00.000,40.770527,-73.98012,1
2023/03/03 00:00:00.000,40.746403,-73.97973,1
2023/03/03 00:00:00.000,40.75533,-73.99119,1
2023/03/04 00:00:00.000,40.763374,-73.99647,1
2023/03/04 00:00:00.000,40.792362,-73.96418,1
2023/03/04 00:00:00.000,40.785732,-73.97645,1
2023/03/04 00:00:00.000,40.758377,-73.994385,1
2023/03/04 00:00:00.000,40.860645,-73.92734,1
2023/03/04 00:00:00.000,40.770073,-73.95141,1
2023/03/05 00:00:00.000,40.766502,-73.99418,1
2023/03/05 00:00:00.000,40.80952,-73.94965,1
2023/03/06 00:00:00.000,40.76025,-73.96753,1
2023/03/06 00:00:00.000,40.734673,-73.99459,1
2023/03/06 00:00:00.000,40.793186,-73.94057,1
2023/03/06 00:00:00.000,40.752853,-73.99299,1
2023/03/07 00:00:00.000,40.734673,-73.99459,1
2023/03/07 00:00:00.000,40.771393,-73.98216,1
2023/03/07 00:00:00.000,40.74053,-73.9759,1
2023/03/07 00:00:00.000,40.72488,-74.002625,1
2023/03/07 00:00:00.000,40.76422,-73.98099,1
2023/03/08 00:00:00.000,40.76431,-73.971214,1
2023/03/08 00:00:00.000,40.765614,-73.9607,1
2023/03/08 00:00:00.000,40.794464,-73.93964,1
2023/03/08 00:00:00.000,40.751835,-73.972946,1
2023/03/09 00:00:00.000,40.725643,-74.00539,1
2023/03/09 00:00:00.000,40.82523,-73.94761,1
2023/03/10 00:00:00.000,40.810173,-73.95117,1
2023/03/10 00:00:00.000,40.706707,-74.002335,1
2023/03/10 00:00:00.000,40.801865,-73.94136,1
2023/03/10 00:00:00.000,40.78663,-73.946785,1
2023/03/10 00:00:00.000,40.72224,-73.9863,1
2023/03/11 00:00:00.000,40.747894,-73.989174,1
2023/03/11 00:00:00.000,40.810417,-73.95286,1
2023/03/11 00:00:00.000,40.776318,-73.962135,1
2023/03/11 00:00:00.000,40.860645,-73.92734,1
2023/03/12 00:00:00.000,40.731136,-74.00295,1
2023/03/13 00:00:00.000,40.762962,-73.97188,1
2023/03/13 00:00:00.000,40.810944,-73.963066,1
2023/03/13 00:00:00.000,40.80333,-73.94873,1
2023/03/14 00:00:00.000,40.722816,-73.993095,1
2023/03/14 00:00:00.000,40.80521,-73.94736,1
2023/03/14 00:00:00.000,40.777905,-73.98209,1
2023/03/15 00:00:00.000,40.71983,-73.98755,1
2023/03/15 00:00:00.000,40.733032,-73.98445,1
2023/03/15 00:00:00.000,40.859325,-73.93132,1
2023/03/15 00:00:00.000,40.77428,-73.97738,1
2023/03/15 00:00:00.000,40.718143,-73.993835,1
2023/03/15 00:00:00.000,40.768032,-73.99586,1
2023/03/15 00:00:00.000,40.714382,-74.01014,1
2023/03/16 00:00:00.000,40.80117,-73.961464,1
2023/03/16 00:00:00.000,0,0,1
2023/03/17 00:00:00.000,40.805782,-73.95066,1
2023/03/17 00:00:00.000,40.743675,-73.99466,1
2023/03/17 00:00:00.000,40.710815,-73.98326,1
2023/03/17 00:00:00.000,40.719025,-73.98978,1
2023/03/17 00:00:00.000,40.771393,-73.98216,1
2023/03/18 00:00:00.000,40.759617,-73.961975,1
2023/03/18 00:00:00.000,40.761658,-73.986565,1
2023/03/18 00:00:00.000,40.808796,-73.94473,1
2023/03/18 00:00:00.000,40.748245,-73.976295,1
2023/03/19 00:00:00.000,40.74074,-73.99906,1
2023/03/19 00:00:00.000,40.744778,-73.97589,1
2023/03/19 00:00:00.000,40.73104,-73.99961,1
2023/03/19 00:00:00.000,40.711906,-74.00604,1
2023/03/19 00:00:00.000,40.767563,-73.98695,1
2023/03/20 00:00:00.000,40.824184,-73.93723,1
2023/03/20 00:00:00.000,0,0,1
2023/03/20 00:00:00.000,40.743782,-73.97352,1
2023/03/20 00:00:00.000,40.742813,-73.98865,1
2023/03/20 00:00:00.000,40.717724,-73.98577,1
2023/03/20 00:00:00.000,40.771694,-73.95919,1
2023/03/20 00:00:00.000,40.77178,-73.9792,1
2023/03/20 00:00:00.000,40.760418,-73.97584,1
2023/03/21 00:00:00.000,40.719204,-73.99037,1
2023/03/21 00:00:00.000,40.746155,-73.99275,1
2023/03/21 00:00:00.000,40.817596,-73.95319,1
2023/03/21 00:00:00.000,40.72125,-73.99224,1
2023/03/21 00:00:00.000,40.76399,-73.958786,1
2023/03/22 00:00:00.000,40.72972,-73.980865,1
2023/03/22 00:00:00.000,40.749485,-73.97539,1
2023/03/22 00:00:00.000,40.803116,-73.95633,1
2023/03/22 00:00:00.000,40.866024,-73.92588,1
2023/03/23 00:00:00.000,40.789623,-73.94007,1
2023/03/23 00:00:00.000,40.780064,-73.94705,1
2023/03/23 00:00:00.000,40.758007,-73.96625,1
2023/03/23 00:00:00.000,40.727592,-73.9853,1
2023/03/23 00:00:00.000,40.820625,-73.95842,1
2023/03/24 00:00:00.000,40.787693,-73.94148,1
2023/03/25 00:00:00.000,40.771667,-73.9867,1
2023/03/25 00:00:00.000,40.750156,-73.97699,1
2023/03/25 00:00:00.000,40.814102,-73.940865,1
2023/03/26 00:00:00.000,40.734108,-74.004585,1
2023/03/26 00:00:00.000,40.726933,-73.99992,1
2023/03/26 00:00:00.000,40.8087,-73.95226,1
2023/03/26 00:00:00.000,40.733032,-73.98445,1
2023/03/26 00:00:00.000,40.764996,-73.976715,1
2023/03/26 00:00:00.000,40.7736,-73.98158,1
2023/03/27 00:00:00.000,40.714447,-74.0155,1
2023/03/27 00:00:00.000,40.762646,-73.97533,1
2023/03/27 00:00:00.000,40.744003,-73.99942,1
2023/03/27 00:00:00.000,40.75902,-73.9861,1
2023/03/27 00:00:00.000,40.763428,-73.99271,1
2023/03/28 00:00:00.000,40.724255,-73.98485,1
2023/03/28 00:00:00.000,40.74441,-73.972984,1
2023/03/28 00:00:00.000,40.740112,-74.00597,1
2023/03/28 00:00:00.000,40.818245,-73.93786,1
2023/03/29 00:00:00.000,40.850414,-73.93455,1
2023/03/29 00:00:00.000,40.800507,-73.938156,1
2023/03/30 00:00:00.000,40.78294,-73.948044,1
2023/03/30 00:00:00.000,40.794052,-73.970375,1
2023/03/30 00:00:00.000,40.798935,-73.954094,1
2023/03/30 00:00:00.000,40.749786,-73.98778,1
2023/03/31 00:00:00.000,40.72084,-74.00066,1
2023/04/01 00:00:00.000,40.82523,-73.94761,1
2023/04/01 00:00:00.000,40.85891,-73.922966,1
2023/04/01 00:00:00.000,40.718567,-73.9834,1
2023/04/01 00:00:00.000,40.72424,-74.00219,1
2023/04/02 00:00:00.000,40.844048,-73.94115,1
2023/04/04 00:00:00.000,40.73817,-73.97761,1
2023/04/04 00:00:00.000,40.801754,-73.93121,1
2023/04/04 00:00:00.000,40.722275,-73.98018,1
2023/04/04 00:00:00.000,40.811565,-73.942726,1
2023/04/04 00:00:00.000,40.75991,-73.95882,1
2023/04/04 00:00:00.000,40.798107,-73.944115,2
2023/04/05 00:00:00.000,40.827343,-73.94279,1
2023/04/05 00:00:00.000,40.79507,-73.93919,1
2023/04/05 00:00:00.000,40.745857,-73.98435,1
2023/04/06 00:00:00.000,40.750828,-73.98777,1
2023/04/06 00:00:00.000,40.796005,-73.93542,1
2023/04/06 00:00:00.000,40.72135,-74.00465,1
2023/04/07 00:00:00.000,40.732162,-73.99431,1
2023/04/07 00:00:00.000,40.80964,-73.947845,1
2023/04/07 00:00:00.000,40.844677,-73.93886,1
2023/04/08 00:00:00.000,40.73378,-73.98065,1
2023/04/08 00:00:00.000,40.74854,-73.97315,1
2023/04/08 00:00:00.000,40.747543,-73.97079,1
2023/04/08 00:00:00.000,40.80777,-73.94549,1
2023/04/09 00:00:00.000,40.793816,-73.94012,1
2023/04/09 00:00:00.000,40.71738,-73.99131,1
2023/04/10 00:00:00.000,40.717846,-73.99974,1
2023/04/10 00:00:00.000,40.790276,-73.9396,1
2023/04/10 00:00:00.000,40.721622000000004,-74.00221,1
2023/04/11 00:00:00.000,40.815544,-73.956924,1
2023/04/11 00:00:00.000,40.748188,-73.976135,1
2023/04/12 00:00:00.000,40.762383,-73.97229,1
2023/04/12 00:00:00.000,40.762074,-73.98628,1
2023/04/12 00:00:00.000,40.745556,-73.989395,1
2023/04/12 00:00:00.000,40.72171,-74.00436,1
2023/04/12 00:00:00.000,40.76172,-73.98281,1
2023/04/13 00:00:00.000,40.773872,-73.98223,1
2023/04/13 00:00:00.000,40.755756,-73.96479,1
2023/04/13 00:00:00.000,40.73675,-73.99543,1
2023/04/13 00:00:00.000,40.736256,-73.98282,1
2023/04/13 00:00:00.000,40.75578,-74.00199,1
2023/04/13 00:00:00.000,40.73986,-73.977745,1
2023/04/13 00:00:00.000,40.81569,-73.958305,1
2023/04/13 00:00:00.000,40.80066,-73.9544,1
2023/04/14 00:00:00.000,40.77954,-73.95978,1
2023/04/14 00:00:00.000,40.842922,-73.939224,1
2023/04/14 00:00:00.000,40.75898,-73.99595,1
2023/04/14 00:00:00.000,40.81151,-73.94649,1
2023/04/14 00:00:00.000,40.728176,-73.98486,1
2023/04/15 00:00:00.000,40.837906,-73.93835,1
2023/04/15 00:00:00.000,40.76843,-73.961555,1
2023/04/15 00:00:00.000,40.713715,-73.998024,1
2023/04/15 00:00:00.000,40.742588,-73.980415,1
2023/04/16 00:00:00.000,40.771305,-73.98004,1
2023/04/16 00:00:00.000,40.713627,-73.99527,1
2023/04/17 00:00:00.000,40.78588,-73.94884,1
2023/04/17 00:00:00.000,40.808125,-73.94634,1
2023/04/17 00:00:00.000,40.822933,-73.93813,1
2023/04/17 00:00:00.000,40.798546,-73.94165,1
2023/04/19 00:00:00.000,40.803627,-73.963394,1
2023/04/19 00:00:00.000,40.766712,-73.98289,1
2023/04/19 00:00:00.000,40.82223,-73.94982,1
2023/04/19 00:00:00.000,40.754707,-73.98676,1
2023/04/19 00:00:00.000,40.81847,-73.9414,1
2023/04/19 00:00:00.000,40.723034,-73.99492,1
2023/04/19 00:00:00.000,40.717175,-74.01288,1
2023/04/20 00:00:00.000,40.80202,-73.94969,1
2023/04/20 00:00:00.000,40.790367,-73.949776,1
2023/04/20 00:00:00.000,40.74608,-73.974945,1
2023/04/20 00:00:00.000,40.74206,-74.00209,1
2023/04/20 00:00:00.000,40.72267,-73.98297,1
2023/04/21 00:00:00.000,40.768646,-73.96983,1
2023/04/21 00:00:00.000,40.725193,-73.98705,1
2023/04/21 00:00:00.000,40.782055,-73.95373,1
2023/04/21 00:00:00.000,40.771385,-73.95648,1
2023/04/21 00:00:00.000,40.78452,-73.97948,1
2023/04/21 00:00:00.000,40.726635,-73.984955,1
2023/04/22 00:00:00.000,40.821144,-73.95753,1
2023/04/22 00:00:00.000,40.840195,-73.94307,1
2023/04/22 00:00:00.000,40.83435,-73.94469,1
2023/04/23 00:00:00.000,40.803116,-73.95633,1
2023/04/23 00:00:00.000,40.84322,-73.939186,1
2023/04/23 00:00:00.000,40.72224,-73.9863,1
2023/04/24 00:00:00.000,40.81636,-73.954094,1
2023/04/24 00:00:00.000,40.7441,-73.97637,1
2023/04/25 00:00:00.000,40.750957,-73.98273,1
2023/04/25 00:00:00.000,40.77402,-73.95457,1
2023/04/25 00:00:00.000,40.74087,-73.98799,1
2023/04/25 00:00:00.000,40.74453,-73.98888,1
2023/04/25 00:00:00.000,40.805153,-73.95112,1
2023/04/25 00:00:00.000,40.72547,-73.98396,1
2023/04/25 00:00:00.000,40.786827,-73.973015,1
2023/04/25 00:00:00.000,40.79335,-73.97274,1
2023/04/26 00:00:00.000,40.721474,-73.98383,1
2023/04/26 00:00:00.000,40.723698,-74.00792,1
2023/04/26 00:00:00.000,40.8166,-73.942764,1
2023/04/26 00:00:00.000,40.828346,-73.94906,1
2023/04/26 00:00:00.000,40.79486,-73.94649,1
2023/04/26 00:00:00.000,40.762234,-73.98987,1
2023/04/26 00:00:00.000,40.77364,-73.95986,1
2023/04/26 00:00:00.000,40.749825,-73.972206,1
2023/04/27 00:00:00.000,40.724575,-73.987495,1
2023/04/27 00:00:00.000,40.757065,-74.00106,1
2023/04/27 00:00:00.000,40.765984,-73.965454,1
2023/04/27 00:00:00.000,40.758427,-73.99264,1
2023/04/27 00:00:00.000,40.77656,-73.95271,1
2023/04/28 00:00:00.000,40.837906,-73.93835,1
2023/04/28 00:00:00.000,40.74291,-73.99281,1
2023/04/28 00:00:00.000,40.778793,-73.98206,1
2023/04/28 00:00:00.000,40.752262,-73.97547,1
2023/04/28 00:00:00.000,40.75034,-73.983185,1
2023/04/29 00:00:00.000,40.760227,-73.961525,1
2023/04/29 00:00:00.000,40.748512,-73.98872,1
2023/04/29 00:00:00.000,40.750217,-73.979065,1
2023/04/30 00:00:00.000,40.816025,-73.93947,1
2023/04/30 00:00:00.000,40.758022,-73.981804,1
2023/05/01 00:00:00.000,40.789307,-73.943405,1
2023/05/01 00:00:00.000,40.793606,-73.95161,1
2023/05/01 00:00:00.000,40.724236,-73.997795,1
2023/05/01 00:00:00.000,40.748077,-74.00508,1
2023/05/01 00:00:00.000,40.850906,-73.93829,1
2023/05/02 00:00:00.000,0,0,1
2023/05/02 00:00:00.000,40.819572,-73.95175,1
2023/05/02 00:00:00.000,40.726933,-73.99992,1
2023/05/02 00:00:00.000,40.72293,-73.98865,1
2023/05/02 00:00:00.000,40.704548,-74.0143,1
2023/05/03 00:00:00.000,40.77178,-73.9792,1
2023/05/03 00:00:00.000,40.7603,-73.99499,1
2023/05/03 00:00:00.000,40.760857,-73.961075,1
2023/05/03 00:00:00.000,40.73135,-73.98256,1
2023/05/04 00:00:00.000,40.741028,-73.99417,1
2023/05/04 00:00:00.000,40.825138,-73.9514,1
2023/05/04 00:00:00.000,40.744003,-73.99942,1
2023/05/05 00:00:00.000,40.746002,-73.99427,1
2023/05/05 00:00:00.000,40.75856,-73.983116,1
2023/05/05 00:00:00.000,40.727592,-73.999374,1
2023/05/06 00:00:00.000,40.72841,-73.98357,1
2023/05/06 00:00:00.000,40.775,-73.9631,1
2023/05/06 00:00:00.000,0,0,1
2023/05/06 00:00:00.000,40.740765,-73.99169,1
2023/05/06 00:00:00.000,40.83096,-73.94947,1
2023/05/06 00:00:00.000,40.78178,-73.98508,1
2023/05/07 00:00:00.000,40.73978,-73.97951,2
2023/05/07 00:00:00.000,40.78519,-73.94934,1
2023/05/07 00:00:00.000,40.758644,-73.981346,1
2023/05/07 00:00:00.000,40.811478,-73.950226,1
2023/05/07 00:00:00.000,40.80778,-73.95293,1
2023/05/07 00:00:00.000,40.725773,-74.00091,1
2023/05/07 00:00:00.000,40.76411,-73.9885,1
2023/05/07 00:00:00.000,40.76411,-73.9885,1
2023/05/08 00:00:00.000,40.76649,-73.95696,1
2023/05/08 00:00:00.000,40.776016,-73.98724,1
2023/05/09 00:00:00.000,40.816032,-73.95432,2
2023/05/09 00:00:00.000,40.752895,-73.98925,1
2023/05/09 00:00:00.000,40.785294,-73.969345,1
2023/05/09 00:00:00.000,40.79259,-73.95118,1
2023/05/10 00:00:00.000,40.788475,-73.96702,1
2023/05/10 00:00:00.000,40.733433,-73.9955,1
2023/05/10 00:00:00.000,40.7499,-73.99585,1
2023/05/10 00:00:00.000,40.75591,-73.99448,1
2023/05/10 00:00:00.000,40.823257,-73.94293,1
2023/05/10 00:00:00.000,40.761227,-73.96987,1
2023/05/11 00:00:00.000,40.710556,-73.99415,1
2023/05/11 00:00:00.000,40.72046,-73.98721,1
2023/05/11 00:00:00.000,40.814144,-73.95571,1
2023/05/11 00:00:00.000,40.74441,-73.972984,1
2023/05/11 00:00:00.000,40.719970000000004,-73.992905,1
2023/05/11 00:00:00.000,40.735714,-73.99295,1
2023/05/11 00:00:00.000,40.735302,-74.00494,1
2023/05/11 00:00:00.000,40.791466,-73.97411,1
2023/05/11 00:00:00.000,40.728634,-74.0001,1
2023/05/11 00:00:00.000,40.7606,-73.964325,1
2023/05/12 00:00:00.000,40.736164,-73.97891,1
2023/05/12 00:00:00.000,40.81048,-73.95466,1
2023/05/12 00:00:00.000,40.783844,-73.979996,1
2023/05/12 00:00:00.000,40.718143,-73.993835,1
2023/05/12 00:00:00.000,40.753975,-73.98604,1
2023/05/12 00:00:00.000,40.810276,-73.94738,1
2023/05/12 00:00:00.000,40.72343,-73.99288,1
2023/05/13 00:00:00.000,40.758224,-73.96607,1
2023/05/13 00:00:00.000,40.74544,-73.9754,1
2023/05/13 00:00:00.000,40.794308,-73.939285,1
2023/05/13 00:00:00.000,40.718792,-73.98902,1
2023/05/13 00:00:00.000,40.71415,-74.00341,1
2023/05/13 00:00:00.000,40.79546,-73.94604,1
2023/05/13 00:00:00.000,40.80098,-73.93178,1
2023/05/13 00:00:00.000,40.75525,-73.998665,1
2023/05/13 00:00:00.000,40.850773,-73.93543,1
2023/05/13 00:00:00.000,40.791557,-73.93866,1
2023/05/14 00:00:00.000,40.796112,-73.945564,1
2023/05/14 00:00:00.000,40.74026,-74.005875,1
2023/05/14 00:00:00.000,40.769115,-73.98856,1
2023/05/14 00:00:00.000,40.72504,-73.987175,1
2023/05/14 00:00:00.000,40.807545,-73.95681,1
2023/05/14 00:00:00.000,40.82289,-73.95574,1
2023/05/15 00:00:00.000,40.76136,-73.962234,1
2023/05/15 00:00:00.000,40.774452,-73.98361,1
2023/05/15 00:00:00.000,40.74568,-73.97213,2
2023/05/15 00:00:00.000,40.74854,-73.97315,1
2023/05/15 00:00:00.000,40.715157,-74.00212,1
2023/05/15 00:00:00.000,40.751823,-73.97577,1
2023/05/15 00:00:00.000,40.72543,-73.99678,1
2023/05/16 00:00:00.000,40.795456,-73.96564,1
2023/05/16 00:00:00.000,40.713646,-74.00361,1
2023/05/16 00:00:00.000,40.821636,-73.93909,1
2023/05/16 00:00:00.000,40.79668,-73.93492,1
2023/05/16 00:00:00.000,40.74284,-74.00028,1
2023/05/17 00:00:00.000,40.752808,-73.98933,1
2023/05/17 00:00:00.000,40.7494,-73.99178,1
2023/05/17 00:00:00.000,40.76275,-73.99692,1
2023/05/17 00:00:00.000,40.778282,-73.94837,1
2023/05/17 00:00:00.000,40.727287,-74.00064,1
2023/05/17 00:00:00.000,40.787003,-73.97552,1
2023/05/17 00:00:00.000,40.7491,-73.99201,1
2023/05/17 00:00:00.000,40.75132,-73.98245,1
2023/05/17 00:00:00.000,40.756226,-73.97952,1
2023/05/18 00:00:00.000,40.78268,-73.95327,1
2023/05/18 00:00:00.000,40.786674,-73.95033,1
2023/05/18 00:00:00.000,40.815018,-73.95648,1
2023/05/18 00:00:00.000,0,0,1
2023/05/18 00:00:00.000,40.714497,-74.01561,1
2023/05/18 00:00:00.000,40.871193,-73.9141,1
2023/05/19 00:00:00.000,40.715668,-73.97907,1
2023/05/19 00:00:00.000,40.724575,-73.987495,1
2023/05/19 00:00:00.000,40.728428,-73.990715,1
2023/05/19 00:00:00.000,40.719025,-73.98978,1
2023/05/19 00:00:00.000,40.804825,-73.966225,1
2023/05/19 00:00:00.000,40.80275,-73.93358,1
2023/05/19 00:00:00.000,40.7528,-73.979294,1
2023/05/20 00:00:00.000,40.71756,-73.991875,1
2023/05/20 00:00:00.000,40.732838,-74.00213,1
2023/05/20 00:00:00.000,40.783897,-73.97407,1
2023/05/21 00:00:00.000,40.817898,-73.938095,1
2023/05/21 00:00:00.000,40.793186,-73.94057,1
2023/05/21 00:00:00.000,40.76359,-73.98144,1
2023/05/21 00:00:00.000,40.741043,-73.98363,1
2023/05/21 00:00:00.000,40.766712,-73.98289,1
2023/05/22 00:00:00.000,40.861256,-73.925674,1
2023/05/22 00:00:00.000,40.81458,-73.94795,1
2023/05/22 00:00:00.000,40.802166,-73.96198,1
2023/05/23 00:00:00.000,40.810062,-73.95497,1
2023/05/23 00:00:00.000,40.728424,-73.99969,1
2023/05/23 00:00:00.000,40.797867,-73.96759,1
2023/05/23 00:00:00.000,40.718143,-73.993835,1
2023/05/23 00:00:00.000,40.798717,-73.95954,1
2023/05/24 00:00:00.000,40.747925,-73.97362,1
2023/05/24 00:00:00.000,40.753242,-73.96662,1
2023/05/24 00:00:00.000,40.79824,-73.95247,1
2023/05/25 00:00:00.000,40.742508,-73.982155,1
2023/05/25 00:00:00.000,40.764683,-73.99179,1
2023/05/25 00:00:00.000,40.73225,-73.99636,1
2023/05/25 00:00:00.000,40.72547,-73.98396,1
2023/05/26 00:00:00.000,40.72173,-73.98469,1
2023/05/26 00:00:00.000,40.766087,-73.97724,1
2023/05/26 00:00:00.000,40.733524,-73.989876,1
2023/05/26 00:00:00.000,40.8166,-73.942764,1
2023/05/26 00:00:00.000,40.8018,-73.96108,1
2023/05/26 00:00:00.000,40.86187,-73.92402,1
2023/05/26 00:00:00.000,40.81151,-73.94649,1
2023/05/27 00:00:00.000,40.848038,-73.93285,1
2023/05/27 00:00:00.000,40.742706,-73.984535,1
2023/05/27 00:00:00.000,40.742645,-73.98246,1
2023/05/27 00:00:00.000,40.831566,-73.942986,1
2023/05/28 00:00:00.000,40.85358,-73.932236,1
2023/05/28 00:00:00.000,40.772705,-73.949486,1
2023/05/28 00:00:00.000,40.73883,-73.983154,1
2023/05/28 00:00:00.000,40.759884,-73.96669,1
2023/05/28 00:00:00.000,40.83027,-73.94393,1
2023/05/28 00:00:00.000,40.849144,-73.93548,1
2023/05/29 00:00:00.000,40.795403,-73.94188,1
2023/05/30 00:00:00.000,40.753242,-73.96662,1
2023/05/30 00:00:00.000,40.725582,-73.989876,1
2023/05/30 00:00:00.000,40.740185,-73.986374,1
2023/05/31 00:00:00.000,40.75219,-73.99347,1
2023/05/31 00:00:00.000,40.706852,-74.00501,1
2023/05/31 00:00:00.000,40.840744,-73.94286,1
2023/05/31 00:00:00.000,40.75927,-73.980896,1
2023/05/31 00:00:00.000,40.755806,-73.98641,1
2023/05/31 00:00:00.000,40.736034,-73.99781,1
2023/06/01 00:00:00.000,40.790627,-73.942444,1
2023/06/01 00:00:00.000,40.75898,-73.99595,1
2023/06/01 00:00:00.000,40.717148,-73.99051,1
2023/06/01 00:00:00.000,40.772655,-73.95556,1
2023/06/01 00:00:00.000,40.76161,-73.99032,1
2023/06/01 00:00:00.000,40.75383,-74.00715,1
2023/06/01 00:00:00.000,40.767242,-73.986206,1
2023/06/01 00:00:00.000,40.796986,-73.93175,1
2023/06/01 00:00:00.000,40.822956,-73.94529,1
2023/06/01 00:00:00.000,40.785976,-73.95717,1
2023/06/02 00:00:00.000,40.743908,-73.99311,1
2023/06/02 00:00:00.000,40.802204,-73.967804,1
2023/06/02 00:00:00.000,40.77882,-73.953995,1
2023/06/02 00:00:00.000,40.80368,-73.95365,1
2023/06/02 00:00:00.000,40.80641,-73.94227,1
2023/06/02 00:00:00.000,40.80897,-73.94833,1
2023/06/03 00:00:00.000,0,0,1
2023/06/03 00:00:00.000,40.724274,-73.99082,1
2023/06/04 00:00:00.000,40.756035,-73.98695,1
2023/06/04 00:00:00.000,40.810093,-73.95309,1
2023/06/04 00:00:00.000,40.737545,-73.98409,1
2023/06/04 00:00:00.000,40.78031,-73.98569,1
2023/06/05 00:00:00.000,40.740643,-73.97581,1
2023/06/05 00:00:00.000,40.776237,-73.95587,1
2023/06/05 00:00:00.000,40.78172,-73.949066,1
2023/06/05 00:00:00.000,40.74573,-73.98022,1
2023/06/05 00:00:00.000,40.79166,-73.96469,1
2023/06/06 00:00:00.000,40.76614,-73.97166,1
2023/06/06 00:00:00.000,40.761658,-73.986565,1
2023/06/06 00:00:00.000,40.757133,-73.98745,1
2023/06/07 00:00:00.000,40.760822,-73.99832,1
2023/06/07 00:00:00.000,40.767494,-73.95933,1
2023/06/07 00:00:00.000,40.76927,-73.981026,1
2023/06/07 00:00:00.000,40.757233,-73.9898,1
2023/06/07 00:00:00.000,40.76525,-73.995094,1
2023/06/07 00:00:00.000,40.72218,-73.99092,1
2023/06/07 00:00:00.000,40.725735,-73.996506,1
2023/06/07 00:00:00.000,40.73734,-73.98358,1
2023/06/08 00:00:00.000,40.764362,-73.96162,1
2023/06/08 00:00:00.000,40.742016,-74.00089,1
2023/06/08 00:00:00.000,40.764988,-73.96116,1
2023/06/08 00:00:00.000,40.71983,-73.98755,1
2023/06/08 00:00:00.000,40.72125,-73.99224,1
2023/06/08 00:00:00.000,40.74728,-73.98774,1
2023/06/08 00:00:00.000,40.736103,-73.99354,1
2023/06/08 00:00:00.000,40.82269,-73.94947,1
2023/06/08 00:00:00.000,40.798798,-73.953766,1
2023/06/08 00:00:00.000,40.717175,-74.01288,1
2023/06/08 00:00:00.000,40.793713,-73.94184,1
2023/06/08 00:00:00.000,40.710888,-74.00907,1
2023/06/09 00:00:00.000,40.755505,-73.96807,1
2023/06/09 00:00:00.000,40.77882,-73.953995,1
2023/06/09 00:00:00.000,40.79124,-73.9794,1
2023/06/09 00:00:00.000,40.799957,-73.96053,1
2023/06/10 00:00:00.000,40.865795,-73.920006,1
2023/06/10 00:00:00.000,40.78435,-73.9833,1
2023/06/11 00:00:00.000,40.721733,-73.992004,1
2023/06/11 00:00:00.000,40.76839,-73.98168,1
2023/06/11 00:00:00.000,40.84989,-73.93332,1
2023/06/11 00:00:00.000,40.84989,-73.93332,1
2023/06/11 00:00:00.000,40.720043,-73.99907,1
2023/06/11 00:00:00.000,40.758694,-73.963875,1
2023/06/12 00:00:00.000,40.817116,-73.94801,1
2023/06/12 00:00:00.000,40.751522,-73.98023,1
2023/06/12 00:00:00.000,40.767197,-73.98405,1
2023/06/13 00:00:00.000,40.724136,-73.992615,1
2023/06/13 00:00:00.000,40.80761,-73.95305,1
2023/06/13 00:00:00.000,40.715237,-74.01339,1
2023/06/13 00:00:00.000,40.724434,-73.99584,1
2023/06/13 00:00:00.000,40.729774,-73.98682,1
2023/06/14 00:00:00.000,40.773655,-73.97783,1
2023/06/14 00:00:00.000,40.763428,-73.96522,1
2023/06/14 00:00:00.000,40.79167,-73.95093,1
2023/06/14 00:00:00.000,40.73329,-73.98719,1
2023/06/14 00:00:00.000,40.728447,-73.9818,1
2023/06/14 00:00:00.000,40.721474,-73.98383,1
2023/06/15 00:00:00.000,40.75927,-73.980896,1
2023/06/15 00:00:00.000,40.854168,-73.93371,1
2023/06/15 00:00:00.000,40.769295,-73.99495,1
2023/06/15 00:00:00.000,40.75337,-73.974655,1
2023/06/15 00:00:00.000,40.744423,-73.991714,1
2023/06/16 00:00:00.000,40.80438,-73.93953,1
2023/06/17 00:00:00.000,40.79166,-73.96469,1
2023/06/17 00:00:00.000,40.817844,-73.94185,1
2023/06/17 00:00:00.000,40.776875,-73.94938,1
2023/06/17 00:00:00.000,40.72417,-74.004585,1
2023/06/17 00:00:00.000,40.761173,-73.9951,1
2023/06/17 00:00:00.000,40.72106,-73.99821,1
2023/06/18 00:00:00.000,40.75863,-73.98709,1
2023/06/18 00:00:00.000,40.818424,-73.94515,1
2023/06/18 00:00:00.000,40.76429,-73.982834,1
2023/06/18 00:00:00.000,40.815304,-73.94371,1
2023/06/18 00:00:00.000,40.760403,-73.98748,1
2023/06/18 00:00:00.000,40.795456,-73.96564,1
2023/06/19 00:00:00.000,40.721676,-73.98061,1
2023/06/19 00:00:00.000,40.73225,-73.99636,1
2023/06/19 00:00:00.000,40.817596,-73.95319,1
2023/06/19 00:00:00.000,40.795403,-73.94188,1
2023/06/19 00:00:00.000,40.770527,-73.98012,1
2023/06/19 00:00:00.000,40.710903,-73.992096,1
2023/06/19 00:00:00.000,40.837177,-73.942604,1
2023/06/20 00:00:00.000,40.81636,-73.954094,1
2023/06/20 00:00:00.000,40.745857,-73.97199,1
2023/06/20 00:00:00.000,40.794754,-73.94235,1
2023/06/20 00:00:00.000,40.765385,-73.99737,1
2023/06/20 00:00:00.000,40.796005,-73.93542,1
2023/06/20 00:00:00.000,40.71738,-73.99131,1
2023/06/20 00:00:00.000,40.73366,-73.98809,1
2023/06/20 00:00:00.000,40.731625,-73.999115,1
2023/06/21 00:00:00.000,40.719204,-73.987885,1
2023/06/21 00:00:00.000,40.766285,-73.98186,1
2023/06/21 00:00:00.000,40.802467,-73.958694,1
2023/06/21 00:00:00.000,40.7431,-73.974014,1
2023/06/21 00:00:00.000,40.75513,-73.96525,1
2023/06/22 00:00:00.000,40.75108,-73.98686,1
2023/06/22 00:00:00.000,40.750988,-73.99063,1
2023/06/22 00:00:00.000,40.764725,-73.97815,1
2023/06/22 00:00:00.000,40.79209,-73.973656,1
2023/06/22 00:00:00.000,40.71777,-73.99263,1
2023/06/22 00:00:00.000,40.846622000000004,-73.93732,1
2023/06/23 00:00:00.000,40.735313,-73.994125,1
2023/06/23 00:00:00.000,40.85139,-73.941216,1
2023/06/23 00:00:00.000,40.724594,-73.9975,1
2023/06/24 00:00:00.000,40.717175,-74.01288,1
2023/06/24 00:00:00.000,40.797943,-73.94003,1
2023/06/24 00:00:00.000,40.79275,-73.97132,1
2023/06/24 00:00:00.000,40.845432,-73.93658,1
2023/06/25 00:00:00.000,40.7367,-73.995255,1
2023/06/25 00:00:00.000,40.745796,-73.982285,1
2023/06/25 00:00:00.000,40.72543,-73.99678,1
2023/06/25 00:00:00.000,40.727875,-74.00543,1
2023/06/25 00:00:00.000,40.767815,-73.98951,1
2023/06/26 00:00:00.000,40.7274,-73.98855,1
2023/06/26 00:00:00.000,40.739357,-73.98837,1
2023/06/26 00:00:00.000,40.7147,-73.98246,1
2023/06/26 00:00:00.000,40.80886,-73.95213,1
2023/06/26 00:00:00.000,40.79166,-73.96469,1
2023/06/27 00:00:00.000,40.789307,-73.943405,1
2023/06/27 00:00:00.000,40.76035,-73.98472,1
2023/06/27 00:00:00.000,40.76711,-73.98173,1
2023/06/27 00:00:00.000,40.758743,-73.96863,1
2023/06/27 00:00:00.000,40.80897,-73.94833,1
2023/06/27 00:00:00.000,40.803745,-73.95587,1
2023/06/28 00:00:00.000,40.74291,-73.99281,1
2023/06/28 00:00:00.000,40.72937,-73.98401,1
2023/06/28 00:00:00.000,40.71504,-73.99681,1
2023/06/28 00:00:00.000,40.774902,-73.953926,1
2023/06/29 00:00:00.000,40.803565999999996,-73.96715,1
2023/06/29 00:00:00.000,40.804207,-73.96865,1
2023/06/29 00:00:00.000,40.720387,-73.98976,1
2023/06/29 00:00:00.000,40.742085,-73.99711,1
2023/06/29 00:00:00.000,40.82154,-73.94287,1
2023/06/30 00:00:00.000,40.795326,-73.9713,1
2023/06/30 00:00:00.000,40.719456,-73.99441,1
2023/06/30 00:00:00.000,40.71687,-74.004036,1
2023/06/30 00:00:00.000,0,0,1
2023/06/30 00:00:00.000,40.803116,-73.95633,1
2023/06/30 00:00:00.000,40.80964,-73.947845,1
2023/06/30 00:00:00.000,40.736034,-73.99781,1
2023/06/30 00:00:00.000,40.739674,-73.99095,1
2023/06/30 00:00:00.000,40.815826,-73.947044,1
2023/07/01 00:00:00.000,40.782223,-73.971596,1
2023/07/01 00:00:00.000,40.782703,-73.97123,1
2023/07/02 00:00:00.000,40.735313,-73.994125,1
2023/07/02 00:00:00.000,40.72115,-73.983986,1
2023/07/02 00:00:00.000,40.729084,-73.98133,1
2023/07/03 00:00:00.000,40.81636,-73.954094,2
2023/07/03 00:00:00.000,40.760857,-73.961075,1
2023/07/03 00:00:00.000,40.79293,-73.94791,1
2023/07/03 00:00:00.000,40.808956,-73.94041,1
2023/07/04 00:00:00.000,40.747204,-73.99711,1
2023/07/04 00:00:00.000,40.802444,-73.938835,1
2023/07/04 00:00:00.000,40.709835,-74.014885,1
2023/07/04 00:00:00.000,40.822933,-73.93813,1
2023/07/04 00:00:00.000,40.740643,-73.97581,1
2023/07/05 00:00:00.000,40.715622,-73.99428,1
2023/07/05 00:00:00.000,40.820877,-73.94517,1
2023/07/06 00:00:00.000,40.798615,-73.94375,1
2023/07/06 00:00:00.000,40.74476,-73.99516,1
2023/07/06 00:00:00.000,40.79856,-73.96336,1
2023/07/06 00:00:00.000,40.765984,-73.965454,1
2023/07/06 00:00:00.000,40.715584,-74.00304,1
2023/07/06 00:00:00.000,40.721024,-73.981094,1
2023/07/06 00:00:00.000,40.800583,-73.960075,1
2023/07/06 00:00:00.000,40.786594,-73.96839,1
2023/07/06 00:00:00.000,40.7431,-73.974014,1
2023/07/07 00:00:00.000,40.751442,-73.97606,1
2023/07/07 00:00:00.000,40.806355,-73.953964,1
2023/07/07 00:00:00.000,40.80641,-73.94227,1
2023/07/07 00:00:00.000,40.717278,-74.00672,1
2023/07/07 00:00:00.000,40.762733,-73.9734,1
2023/07/07 00:00:00.000,40.76285,-73.967735,1
2023/07/07 00:00:00.000,40.748165,-73.99941,1
2023/07/08 00:00:00.000,40.821636,-73.93909,1
2023/07/08 00:00:00.000,40.810253,-73.95139,1
2023/07/08 00:00:00.000,40.794502,-73.94173,1
2023/07/08 00:00:00.000,40.743782,-73.97352,1
2023/07/09 00:00:00.000,40.7964,-73.93637,1
2023/07/10 00:00:00.000,40.756126,-73.969574,1
2023/07/10 00:00:00.000,40.83923,-73.94555,1
2023/07/10 00:00:00.000,40.725876,-73.97754,1
2023/07/10 00:00:00.000,40.73599,-73.98946,1
2023/07/10 00:00:00.000,40.794464,-73.93964,1
2023/07/10 00:00:00.000,40.80824,-73.95259,1
2023/07/11 00:00:00.000,40.788357,-73.97453,1
2023/07/12 00:00:00.000,40.846153,-73.932335,1
2023/07/12 00:00:00.000,40.760525,-73.97998,1
2023/07/12 00:00:00.000,40.76428,-73.99859,1
2023/07/12 00:00:00.000,40.737873,-73.98485,1
2023/07/13 00:00:00.000,40.72225,-74.00592,1
2023/07/13 00:00:00.000,40.76531,-73.96385,1
2023/07/13 00:00:00.000,40.74172,-73.99368,1
2023/07/13 00:00:00.000,40.751892,-73.9676,1
2023/07/13 00:00:00.000,40.717537,-73.979996,1
2023/07/13 00:00:00.000,40.764996,-73.976715,1
2023/07/13 00:00:00.000,40.80202,-73.94969,1
2023/07/13 00:00:00.000,40.72543,-73.99678,1
2023/07/14 00:00:00.000,40.714165,-74.00632,1
2023/07/14 00:00:00.000,40.80812,-73.96011,1
2023/07/14 00:00:00.000,40.829597,-73.94814,1
2023/07/14 00:00:00.000,40.80752,-73.947014,1
2023/07/15 00:00:00.000,40.81261,-73.95683,1
2023/07/15 00:00:00.000,40.803565999999996,-73.96715,1
2023/07/15 00:00:00.000,40.805836,-73.94691,1
2023/07/15 00:00:00.000,40.76649,-73.95696,1
2023/07/15 00:00:00.000,40.72233,-73.98666,1
2023/07/15 00:00:00.000,40.80033,-73.971466,1
2023/07/15 00:00:00.000,40.719204,-73.99037,1
2023/07/16 00:00:00.000,40.864807,-73.91937,1
2023/07/16 00:00:00.000,40.757233,-73.9898,1
2023/07/17 00:00:00.000,40.736378,-73.98494,1
2023/07/17 00:00:00.000,40.79486,-73.94649,1
2023/07/17 00:00:00.000,40.804417,-73.955376,1
2023/07/17 00:00:00.000,40.758427,-73.99264,1
2023/07/18 00:00:00.000,40.71683,-73.99682,1
2023/07/18 00:00:00.000,40.77656,-73.95271,1
2023/07/18 00:00:00.000,40.76099,-73.99077,1
2023/07/18 00:00:00.000,40.73555,-73.979355,1
2023/07/18 00:00:00.000,40.75229,-73.99167,1
2023/07/18 00:00:00.000,40.817596,-73.95319,1
2023/07/19 00:00:00.000,40.704758,-74.01497,1
2023/07/19 00:00:00.000,40.748436,-73.984566,1
2023/07/19 00:00:00.000,40.80133,-73.950195,1
2023/07/19 00:00:00.000,40.738045,-73.996346,1
2023/07/19 00:00:00.000,40.74568,-73.97213,1
2023/07/19 00:00:00.000,40.83089,-73.941376,1
2023/07/19 00:00:00.000,40.789093,-73.95638,1
2023/07/20 00:00:00.000,40.820435,-73.93623,1
2023/07/20 00:00:00.000,40.753242,-73.96662,1
2023/07/21 00:00:00.000,40.792244,-73.94629,1
2023/07/21 00:00:00.000,40.81636,-73.954094,1
2023/07/21 00:00:00.000,40.839867,-73.94064,1
2023/07/21 00:00:00.000,40.73696,-73.98451,1
2023/07/21 00:00:00.000,40.77622,-73.97596,1
2023/07/21 00:00:00.000,40.73003,-73.99109,1
2023/07/21 00:00:00.000,40.750156,-73.97699,1
2023/07/22 00:00:00.000,40.764996,-73.976715,1
2023/07/22 00:00:00.000,40.820435,-73.93623,1
2023/07/22 00:00:00.000,40.801487,-73.950096,1
2023/07/22 00:00:00.000,40.750763,-73.97445,1
2023/07/22 00:00:00.000,40.79286,-73.96754,1
2023/07/22 00:00:00.000,40.78332,-73.947754,1
2023/07/22 00:00:00.000,40.838497,-73.939835,1
2023/07/23 00:00:00.000,40.84544,-73.93869,1
2023/07/23 00:00:00.000,40.761234,-73.96389,1
2023/07/23 00:00:00.000,40.796074,-73.94349,1
2023/07/23 00:00:00.000,40.743317,-73.99381,1
2023/07/23 00:00:00.000,40.72939,-74.006004,1
2023/07/23 00:00:00.000,40.799984,-73.944855,1
2023/07/24 00:00:00.000,40.73817,-73.97761,1
2023/07/24 00:00:00.000,40.792812,-73.937744,1
2023/07/24 00:00:00.000,40.72095,-73.99241,1
2023/07/24 00:00:00.000,40.74044,-73.9946,1
2023/07/24 00:00:00.000,40.735313,-73.994125,1
2023/07/24 00:00:00.000,40.754093,-73.99209,1
2023/07/25 00:00:00.000,40.745422,-73.99291,1
2023/07/25 00:00:00.000,40.716774,-73.98046,1
2023/07/25 00:00:00.000,40.7606,-73.964325,1
2023/07/25 00:00:00.000,40.746037,-73.9886,1
2023/07/25 00:00:00.000,40.71654,-73.996994,1
2023/07/25 00:00:00.000,40.785786,-73.978546,1
2023/07/25 00:00:00.000,40.743473,-73.97677,1
2023/07/25 00:00:00.000,40.798306,-73.93683,1
2023/07/26 00:00:00.000,40.712463,-73.99241,1
2023/07/26 00:00:00.000,40.73129,-73.9904,1
2023/07/26 00:00:00.000,40.794052,-73.970375,1
2023/07/26 00:00:00.000,40.73072,-73.98906,2
2023/07/26 00:00:00.000,40.84852,-73.935936,1
2023/07/26 00:00:00.000,40.78588,-73.94884,1
2023/07/26 00:00:00.000,40.74892,-73.9779,1
2023/07/27 00:00:00.000,40.767017,-73.979454,1
2023/07/27 00:00:00.000,40.76093,-73.96914,1
2023/07/27 00:00:00.000,40.790417,-73.95184,1
2023/07/28 00:00:00.000,40.787224,-73.95417,1
2023/07/28 00:00:00.000,40.749443,-73.99285,1
2023/07/28 00:00:00.000,40.733833,-73.988495,1
2023/07/28 00:00:00.000,40.78178,-73.98508,1
2023/07/28 00:00:00.000,40.82451,-73.95186,1
2023/07/29 00:00:00.000,40.713554,-73.98086,1
2023/07/29 00:00:00.000,40.722965,-73.9858,1
2023/07/29 00:00:00.000,40.790627,-73.942444,1
2023/07/29 00:00:00.000,40.789948,-73.94293,1
2023/07/30 00:00:00.000,40.818123,-73.96024,1
2023/07/30 00:00:00.000,40.74347,-74.00724,1
2023/07/31 00:00:00.000,40.840195,-73.94307,1
2023/07/31 00:00:00.000,40.715847,-73.994934,2
2023/08/01 00:00:00.000,40.726524,-73.99585,1
2023/08/01 00:00:00.000,40.811367,-73.95402,1
2023/08/01 00:00:00.000,40.821953,-73.94819,1
2023/08/01 00:00:00.000,40.77425,-73.945274,1
2023/08/01 00:00:00.000,40.72581,-73.992,1
2023/08/01 00:00:00.000,40.738735,-74.00961,1
2023/08/01 00:00:00.000,40.751442,-73.97606,1
2023/08/01 00:00:00.000,40.848625,-73.93425,1
2023/08/02 00:00:00.000,40.766712,-73.98289,1
2023/08/02 00:00:00.000,40.819717,-73.94048,1
2023/08/02 00:00:00.000,40.73978,-73.97951,1
2023/08/02 00:00:00.000,40.739628,-73.992645,1
2023/08/03 00:00:00.000,40.804417,-73.955376,1
2023/08/04 00:00:00.000,40.74822,-73.98892,1
2023/08/04 00:00:00.000,40.833435,-73.94534,1
2023/08/05 00:00:00.000,40.773098,-73.96448,2
2023/08/05 00:00:00.000,40.722683,-73.995995,1
2023/08/05 00:00:00.000,40.761093,-73.98327,1
2023/08/06 00:00:00.000,40.719204,-73.99037,1
2023/08/06 00:00:00.000,40.845367,-73.94053,1
2023/08/06 00:00:00.000,40.811478,-73.950226,1
2023/08/06 00:00:00.000,40.811584,-73.951965,1
2023/08/06 00:00:00.000,40.729774,-73.98682,1
2023/08/06 00:00:00.000,40.8018,-73.96108,1
2023/08/06 00:00:00.000,40.75236,-73.97826,1
2023/08/07 00:00:00.000,40.79546,-73.94604,1
2023/08/07 00:00:00.000,40.764927,-73.98076,1
2023/08/07 00:00:00.000,40.784943,-73.946594,1
2023/08/07 00:00:00.000,40.72142,-73.99904,1
2023/08/07 00:00:00.000,40.837177,-73.942604,1
2023/08/08 00:00:00.000,40.769173,-73.99225,1
2023/08/08 00:00:00.000,40.80332,-73.97263,1
2023/08/08 00:00:00.000,40.73398,-73.98669,1
2023/08/08 00:00:00.000,40.82653,-73.94667,1
2023/08/08 00:00:00.000,40.764168,-73.98474,1
2023/08/09 00:00:00.000,40.79162,-73.94885,1
2023/08/09 00:00:00.000,40.745422,-73.990974,1
2023/08/09 00:00:00.000,40.73068,-73.98094,1
2023/08/09 00:00:00.000,40.75449,-74.006744,1
2023/08/09 00:00:00.000,40.766617,-73.98667,1
2023/08/09 00:00:00.000,40.794464,-73.93964,1
2023/08/09 00:00:00.000,40.750763,-73.97445,1
2023/08/09 00:00:00.000,40.798626,-73.93953,1
2023/08/10 00:00:00.000,40.852726,-73.93443,1
2023/08/10 00:00:00.000,40.79293,-73.94791,1
2023/08/10 00:00:00.000,40.81133,-73.96403,1
2023/08/10 00:00:00.000,40.761486,-73.96061,1
2023/08/11 00:00:00.000,40.721333,-73.983345,1
2023/08/11 00:00:00.000,40.76025,-73.96753,1
2023/08/11 00:00:00.000,40.73978,-73.97951,1
2023/08/11 00:00:00.000,40.82943,-73.94196,1
2023/08/11 00:00:00.000,40.70315,-74.014435,1
2023/08/12 00:00:00.000,40.837177,-73.942604,1
2023/08/12 00:00:00.000,40.76649,-73.95696,1
2023/08/12 00:00:00.000,40.81286,-73.96341,1
2023/08/12 00:00:00.000,40.820435,-73.93623,1
2023/08/12 00:00:00.000,40.717922,-73.9931,1
2023/08/13 00:00:00.000,40.797306,-73.95023,1
2023/08/13 00:00:00.000,40.72218,-73.99092,1
2023/08/14 00:00:00.000,40.76944,-73.951866,1
2023/08/14 00:00:00.000,40.728065,-73.99896,1
2023/08/14 00:00:00.000,40.84954,-73.93641,1
2023/08/14 00:00:00.000,40.811565,-73.942726,1
2023/08/14 00:00:00.000,40.743595,-74.007164,1
2023/08/15 00:00:00.000,40.725735,-73.996506,1
2023/08/15 00:00:00.000,40.862312,-73.929436,1
2023/08/15 00:00:00.000,40.708004,-74.00617,1
2023/08/15 00:00:00.000,40.710464,-73.986626,1
2023/08/15 00:00:00.000,40.72803,-74.00216,1
2023/08/15 00:00:00.000,40.728878,-73.98081,1
2023/08/15 00:00:00.000,40.736668,-73.997345,1
2023/08/15 00:00:00.000,40.74518,-73.982735,1
2023/08/15 00:00:00.000,40.73586,-73.993256,1
2023/08/15 00:00:00.000,40.797836,-73.96946,1
2023/08/16 00:00:00.000,40.760937,-73.971245,1
2023/08/16 00:00:00.000,40.756207,-73.99136,1
2023/08/16 00:00:00.000,40.726933,-73.99992,1
2023/08/16 00:00:00.000,40.798107,-73.93699,1
2023/08/16 00:00:00.000,40.749485,-73.97539,1
2023/08/16 00:00:00.000,40.713844,-74.01057,1
2023/08/17 00:00:00.000,40.75005,-73.97675,1
2023/08/17 00:00:00.000,40.79166,-73.96469,1
2023/08/17 00:00:00.000,40.788727,-73.955605,1
2023/08/17 00:00:00.000,40.807037,-73.949745,1
2023/08/17 00:00:00.000,40.727596,-73.99337,1
2023/08/17 00:00:00.000,40.827774,-73.945755,1
2023/08/17 00:00:00.000,40.718273,-74.00533,1
2023/08/17 00:00:00.000,40.797886,-73.973465,1
2023/08/18 00:00:00.000,40.812725,-73.94931,1
2023/08/18 00:00:00.000,40.75518,-73.98389,1
2023/08/18 00:00:00.000,40.73741,-73.98375,1
2023/08/18 00:00:00.000,40.821262,-73.94608,1
2023/08/18 00:00:00.000,40.72271,-73.998116,1
2023/08/19 00:00:00.000,40.77518,-73.94946,1
2023/08/19 00:00:00.000,40.73621,-73.980950000000007,1
2023/08/19 00:00:00.000,40.770412,-73.987625,1
2023/08/19 00:00:00.000,40.72451,-73.99582,1
2023/08/19 00:00:00.000,40.741844,-73.99031,1
2023/08/19 00:00:00.000,40.725735,-73.996506,1
2023/08/19 00:00:00.000,40.72521,-73.99586,1
2023/08/19 00:00:00.000,40.848938,-73.93708,1
2023/08/20 00:00:00.000,40.746918,-73.97124,1
2023/08/20 00:00:00.000,40.726395,-73.98617,1
2023/08/21 00:00:00.000,40.80202,-73.94969,1
2023/08/21 00:00:00.000,40.80897,-73.94833,1
2023/08/21 00:00:00.000,40.789673,-73.96986,1
2023/08/21 00:00:00.000,40.83406,-73.944885,1
2023/08/21 00:00:00.000,40.7464,-74.00511,1
2023/08/22 00:00:00.000,40.71397,-73.99125,1
2023/08/22 00:00:00.000,40.749825,-73.972206,1
2023/08/22 00:00:00.000,40.74476,-73.99516,1
2023/08/23 00:00:00.000,40.82803,-73.934845,1
2023/08/23 00:00:00.000,40.820965,-73.939575,1
2023/08/23 00:00:00.000,40.764988,-73.96116,1
2023/08/24 00:00:00.000,40.78106,-73.94943,1
2023/08/24 00:00:00.000,40.790905,-73.93914,1
2023/08/24 00:00:00.000,40.82451,-73.95186,1
2023/08/24 00:00:00.000,40.815304,-73.94371,1
2023/08/24 00:00:00.000,40.71654,-73.996994,1
2023/08/24 00:00:00.000,40.729774,-73.98682,1
2023/08/25 00:00:00.000,40.808395,-73.95296,1
2023/08/25 00:00:00.000,40.717003,-73.989,1
2023/08/25 00:00:00.000,40.709354,-74.00816,1
2023/08/25 00:00:00.000,40.728447,-73.9818,1
2023/08/26 00:00:00.000,40.797,-73.93778,1
2023/08/26 00:00:00.000,40.763046,-73.99764,1
2023/08/26 00:00:00.000,40.76656,-73.99043,1
2023/08/26 00:00:00.000,40.80777,-73.94549,1
2023/08/27 00:00:00.000,40.800884,-73.952515,1
2023/08/27 00:00:00.000,40.728596,-73.98768,1
2023/08/27 00:00:00.000,40.72593,-73.99466,1
2023/08/28 00:00:00.000,40.767525,-73.99269,1
2023/08/28 00:00:00.000,40.76234,-73.98236,1
2023/08/28 00:00:00.000,40.730057,-73.999374,1
2023/08/28 00:00:00.000,40.87302,-73.918465,1
2023/08/28 00:00:00.000,40.755913,-73.98669,1
2023/08/28 00:00:00.000,40.752117,-73.977684,1
2023/08/29 00:00:00.000,40.80297,-73.96387,1
2023/08/29 00:00:00.000,40.74291,-73.99281,1
2023/08/29 00:00:00.000,40.72941,-73.987076,1
2023/08/29 00:00:00.000,40.820435,-73.93623,1
2023/08/29 00:00:00.000,40.705624,-74.006775,1
2023/08/30 00:00:00.000,40.741547,-73.98958,1
2023/08/30 00:00:00.000,40.742645,-73.98246,1
2023/08/30 00:00:00.000,40.753242,-73.96662,1
2023/08/30 00:00:00.000,40.718273,-74.00533,1
2023/08/31 00:00:00.000,40.81316,-73.950356,1
2023/08/31 00:00:00.000,40.744743,-73.98172,2
2023/08/31 00:00:00.000,40.810093,-73.95309,1
2023/08/31 00:00:00.000,40.75927,-73.980896,1
2023/09/01 00:00:00.000,40.71885,-73.98923,1
2023/09/01 00:00:00.000,40.73398,-73.98669,1
2023/09/01 00:00:00.000,40.747875,-73.97927,1
2023/09/01 00:00:00.000,40.748245,-73.976295,1
2023/09/01 00:00:00.000,40.756035,-73.98695,1
2023/09/01 00:00:00.000,40.75458,-73.99915,1
2023/09/01 00:00:00.000,40.764736,-73.98222,1
2023/09/02 00:00:00.000,40.818947,-73.95221,1
2023/09/02 00:00:00.000,0,0,1
2023/09/02 00:00:00.000,40.75702,-74.00494,1
2023/09/03 00:00:00.000,40.80521,-73.94736,1
2023/09/03 00:00:00.000,40.72331,-73.9956,1
2023/09/03 00:00:00.000,40.747276,-73.989624,1
2023/09/03 00:00:00.000,40.75108,-73.98686,1
2023/09/03 00:00:00.000,40.83147,-73.94678,1
2023/09/04 00:00:00.000,40.8005,-73.946106,1
2023/09/04 00:00:00.000,40.791847,-73.93846,1
2023/09/04 00:00:00.000,40.809692,-73.94409,1
2023/09/04 00:00:00.000,40.751892,-73.9676,1
2023/09/04 00:00:00.000,40.848694,-73.93047,1
2023/09/04 00:00:00.000,40.817844,-73.94185,1
2023/09/05 00:00:00.000,40.77364,-73.95986,1
2023/09/05 00:00:00.000,40.76843,-73.961555,1
2023/09/05 00:00:00.000,40.709805,-74.009995,1
2023/09/06 00:00:00.000,40.772797,-73.9822,1
2023/09/06 00:00:00.000,40.76099,-73.99077,1
2023/09/06 00:00:00.000,40.781315,-73.94614,1
2023/09/06 00:00:00.000,40.755707,-73.98721,1
2023/09/06 00:00:00.000,40.746414,-73.98184,1
2023/09/07 00:00:00.000,40.759983,-73.964806,1
2023/09/07 00:00:00.000,40.76275,-73.99692,1
2023/09/07 00:00:00.000,40.769295,-73.99495,1
2023/09/07 00:00:00.000,40.788197,-73.97836,1
2023/09/07 00:00:00.000,40.75734,-73.98602,2
2023/09/07 00:00:00.000,40.767742,-73.98212,1
2023/09/07 00:00:00.000,40.749054,-73.99576,1
2023/09/07 00:00:00.000,40.71702,-74.00392,1
2023/09/07 00:00:00.000,40.77178,-73.9792,1
2023/09/08 00:00:00.000,40.75202,-74.00473,1
2023/09/08 00:00:00.000,40.759274,-73.994675,1
2023/09/08 00:00:00.000,40.74788,-73.97543,1
2023/09/08 00:00:00.000,40.863113,-73.920616,2
2023/09/08 00:00:00.000,40.7599,-73.98043,1
2023/09/08 00:00:00.000,40.74241,-73.99373,1
2023/09/08 00:00:00.000,40.769848,-73.98432,1
2023/09/08 00:00:00.000,40.722935,-73.994644,1
2023/09/08 00:00:00.000,40.740643,-73.97581,1
2023/09/08 00:00:00.000,40.748276,-73.99009,1
2023/09/09 00:00:00.000,40.723385,-73.99853,1
2023/09/09 00:00:00.000,40.820095,-73.955086,1
2023/09/09 00:00:00.000,40.82034,-73.940025,1
2023/09/09 00:00:00.000,40.72972,-73.980865,1
2023/09/10 00:00:00.000,40.8076,-73.93719,1
2023/09/10 00:00:00.000,40.77918,-73.9508,1
2023/09/10 00:00:00.000,40.731224,-74.003,1
2023/09/10 00:00:00.000,40.764614,-73.95833,1
2023/09/11 00:00:00.000,40.73696,-73.98451,1
2023/09/11 00:00:00.000,40.747543,-73.97079,1
2023/09/11 00:00:00.000,40.851093,-73.93244,1
2023/09/11 00:00:00.000,40.823647,-73.943855,1
2023/09/12 00:00:00.000,40.785294,-73.969345,1
2023/09/12 00:00:00.000,40.79505,-73.93317,1
2023/09/12 00:00:00.000,40.788258,-73.94711,1
2023/09/12 00:00:00.000,40.73235,-73.984955,1
2023/09/13 00:00:00.000,40.81387,-73.95669,1
2023/09/13 00:00:00.000,40.8188,-73.956024,1
2023/09/13 00:00:00.000,40.702797,-74.01425,1
2023/09/13 00:00:00.000,40.75286,-74.002914,1
2023/09/14 00:00:00.000,40.717724,-73.98577,1
2023/09/14 00:00:00.000,40.850166,-73.93576,1
2023/09/14 00:00:00.000,40.810173,-73.937416,1
2023/09/14 00:00:00.000,40.74715,-73.985504,1
2023/09/14 00:00:00.000,40.718803,-74.01041,1
2023/09/14 00:00:00.000,40.79473,-73.93945,1
2023/09/15 00:00:00.000,40.778164,-73.98862,1
2023/09/15 00:00:00.000,40.8662,-73.92807,1
2023/09/15 00:00:00.000,40.76099,-73.99077,1
2023/09/15 00:00:00.000,40.747078,-73.981346,1
2023/09/15 00:00:00.000,40.731125,-74.004234,1
2023/09/15 00:00:00.000,40.778584,-73.95552,1
2023/09/15 00:00:00.000,40.73602,-73.98228,1
2023/09/16 00:00:00.000,40.776295,-73.98215,1
2023/09/16 00:00:00.000,40.72912,-73.99805,1
2023/09/16 00:00:00.000,40.746403,-73.97973,1
2023/09/17 00:00:00.000,40.797943,-73.94003,1
2023/09/17 00:00:00.000,40.76552,-73.98004,1
2023/09/17 00:00:00.000,40.763363,-73.95925,1
2023/09/17 00:00:00.000,40.866062,-73.92251,1
2023/09/17 00:00:00.000,40.802795,-73.95155,1
2023/09/18 00:00:00.000,40.740936,-73.98817,1
2023/09/18 00:00:00.000,40.798225,-73.9524,1
2023/09/18 00:00:00.000,40.743187,-73.97207,1
2023/09/18 00:00:00.000,40.709522,-74.016685,1
2023/09/19 00:00:00.000,40.712414,-73.99294,1
2023/09/19 00:00:00.000,40.77178,-73.9792,1
2023/09/19 00:00:00.000,40.766666,-73.96707,1
2023/09/19 00:00:00.000,40.796642,-73.96848,1
2023/09/19 00:00:00.000,40.808445,-73.945,1
2023/09/19 00:00:00.000,40.80698,-73.95351,1
2023/09/19 00:00:00.000,40.756763,-73.96716,1
2023/09/20 00:00:00.000,40.72639,-73.991806,1
2023/09/20 00:00:00.000,40.750492,-73.97172,1
2023/09/20 00:00:00.000,40.736885,-73.978546,1
2023/09/20 00:00:00.000,40.740185,-73.986374,1
2023/09/20 00:00:00.000,40.71983,-73.98755,1
2023/09/20 00:00:00.000,40.84787,-73.93641,1
2023/09/20 00:00:00.000,40.75738,-73.966705,1
2023/09/21 00:00:00.000,40.734837,-73.98605,1
2023/09/21 00:00:00.000,40.74026,-73.990524,1
2023/09/21 00:00:00.000,40.80297,-73.96387,1
2023/09/21 00:00:00.000,40.734688,-73.99998,1
2023/09/21 00:00:00.000,40.71506,-74.006714,1
2023/09/21 00:00:00.000,40.80698,-73.95351,1
2023/09/21 00:00:00.000,40.80256,-73.943,1
2023/09/22 00:00:00.000,40.82092,-73.94333,1
2023/09/22 00:00:00.000,40.788357,-73.97453,1
2023/09/22 00:00:00.000,40.71792,-73.98638,1
2023/09/22 00:00:00.000,40.773655,-73.95173,1
2023/09/22 00:00:00.000,40.85533,-73.93332,1
2023/09/22 00:00:00.000,40.78905,-73.97031,1
2023/09/22 00:00:00.000,40.737885,-73.98091,1
2023/09/23 00:00:00.000,40.72628,-73.98034,1
2023/09/23 00:00:00.000,40.821636,-73.93909,1
2023/09/23 00:00:00.000,40.826843,-73.94645,1
2023/09/23 00:00:00.000,40.813385,-73.94511,1
2023/09/23 00:00:00.000,40.777905,-73.98209,1
2023/09/23 00:00:00.000,40.805153,-73.95112,1
2023/09/24 00:00:00.000,40.74017,-73.97615,1
2023/09/25 00:00:00.000,40.771145,-73.968,1
2023/09/25 00:00:00.000,40.76411,-73.9885,1
2023/09/25 00:00:00.000,40.711998,-74.005264,1
2023/09/26 00:00:00.000,40.736465,-73.98697,1
2023/09/26 00:00:00.000,40.731163,-73.99193,1
2023/09/27 00:00:00.000,40.752342,-73.99179,1
2023/09/27 00:00:00.000,40.766083,-73.993164,1
2023/09/27 00:00:00.000,40.76449,-73.975464,1
2023/09/27 00:00:00.000,40.76092,-73.96704,1
2023/09/28 00:00:00.000,40.747078,-73.981346,1
2023/09/28 00:00:00.000,40.742226,-73.99702,1
2023/09/28 00:00:00.000,40.741714,-74.00481,1
2023/09/28 00:00:00.000,40.79611,-73.96145,1
2023/09/28 00:00:00.000,40.760414,-73.99737,1
2023/09/28 00:00:00.000,40.743942,-73.983635,1
2023/09/28 00:00:00.000,40.7441,-73.97637,1
2023/09/28 00:00:00.000,40.712353,-74.008865,1
2023/09/28 00:00:00.000,40.718143,-73.993835,1
2023/09/29 00:00:00.000,40.808002,-73.963905,1
2023/09/29 00:00:00.000,40.812912,-73.95364,1
2023/09/30 00:00:00.000,40.755096,-73.99137,1
2023/09/30 00:00:00.000,40.761658,-73.986565,1
2023/09/30 00:00:00.000,40.80078,-73.95756,1
2023/09/30 00:00:00.000,40.82269,-73.94947,1
2023/10/01 00:00:00.000,40.776726,-73.96607,2
2023/10/01 00:00:00.000,40.744297,-73.99923,1
2023/10/01 00:00:00.000,40.78917,-73.95275,1
2023/10/01 00:00:00.000,40.7171,-73.9986,1
2023/10/01 00:00:00.000,40.817596,-73.95319,1
2023/10/01 00:00:00.000,40.806915,-73.943436,1
2023/10/02 00:00:00.000,40.834114,-73.941124,1
2023/10/02 00:00:00.000,40.840195,-73.94307,1
2023/10/02 00:00:00.000,40.755398,-73.98546,1
2023/10/03 00:00:00.000,40.835102,-73.94545,1
2023/10/03 00:00:00.000,40.758224,-73.97844,1
2023/10/03 00:00:00.000,40.744522,-73.99164,1
2023/10/03 00:00:00.000,40.799305,-73.94324,1
2023/10/04 00:00:00.000,40.77954,-73.95978,1
2023/10/04 00:00:00.000,40.762966,-73.973976,1
2023/10/04 00:00:00.000,40.752846,-74.004745,1
2023/10/04 00:00:00.000,40.732597,-73.98965,2
2023/10/04 00:00:00.000,40.758266,-73.98547,1
2023/10/04 00:00:00.000,40.79944,-73.95531,1
2023/10/04 00:00:00.000,40.767433,-73.98042,1
2023/10/04 00:00:00.000,40.825947,-73.94528,1
2023/10/05 00:00:00.000,40.747158,-73.9771,1
2023/10/05 00:00:00.000,40.72885,-73.9983,1
2023/10/05 00:00:00.000,40.726463,-73.9771,1
2023/10/05 00:00:00.000,40.793606,-73.94952,1
2023/10/05 00:00:00.000,40.78637,-73.94029,1
2023/10/06 00:00:00.000,40.76077,-73.98723,1
2023/10/06 00:00:00.000,40.767918,-73.985725,1
2023/10/06 00:00:00.000,40.773335,-73.95506,1
2023/10/06 00:00:00.000,40.792126,-73.97178,1
2023/10/06 00:00:00.000,40.736668,-73.997345,1
2023/10/06 00:00:00.000,40.8188,-73.956024,1
2023/10/07 00:00:00.000,40.82092,-73.94333,1
2023/10/07 00:00:00.000,40.72443,-73.99347,1
2023/10/07 00:00:00.000,40.74544,-73.9754,1
2023/10/08 00:00:00.000,40.751194,-73.97549,1
2023/10/09 00:00:00.000,40.85533,-73.93332,1
2023/10/09 00:00:00.000,40.77592,-73.95317,1
2023/10/09 00:00:00.000,40.77622,-73.97596,1
2023/10/10 00:00:00.000,40.72543,-73.99678,1
2023/10/10 00:00:00.000,40.795536,-73.9481,1
2023/10/10 00:00:00.000,40.754177,-73.984604,1
2023/10/11 00:00:00.000,40.73627,-73.99424,1
2023/10/11 00:00:00.000,40.797943,-73.94213,1
2023/10/11 00:00:00.000,40.80608,-73.96532,1
2023/10/11 00:00:00.000,40.731064,-74.00801,1
2023/10/11 00:00:00.000,40.73135,-73.98256,1
2023/10/11 00:00:00.000,40.759396,-73.9831,1
2023/10/11 00:00:00.000,40.728596,-73.98768,1
2023/10/11 00:00:00.000,40.741077,-74.001564,1
2023/10/11 00:00:00.000,40.75484,-73.98412,1
2023/10/11 00:00:00.000,40.77043,-73.96012,1
2023/10/11 00:00:00.000,40.755337,-73.98532,1
2023/10/11 00:00:00.000,40.809338,-73.95922,1
2023/10/11 00:00:00.000,40.76482,-73.99542,1
2023/10/11 00:00:00.000,40.758633,-73.96579,1
2023/10/12 00:00:00.000,40.727818,-73.99476,1
2023/10/12 00:00:00.000,40.76561,-73.98233,1
2023/10/12 00:00:00.000,40.790615,-73.97987,1
2023/10/13 00:00:00.000,40.77929,-73.98114,1
2023/10/13 00:00:00.000,40.78263,-73.9512,1
2023/10/13 00:00:00.000,40.815403,-73.93992,2
2023/10/13 00:00:00.000,40.810764,-73.9526,1
2023/10/13 00:00:00.000,40.75537,-73.98746,1
2023/10/13 00:00:00.000,40.763733,-73.962074,1
2023/10/13 00:00:00.000,40.805096,-73.95488,1
2023/10/14 00:00:00.000,40.78095,-73.96117,1
2023/10/14 00:00:00.000,40.714165,-74.00632,1
2023/10/14 00:00:00.000,40.806057,-73.94144,1
2023/10/14 00:00:00.000,40.72267,-73.98297,1
2023/10/15 00:00:00.000,40.80641,-73.94227,1
2023/10/15 00:00:00.000,40.806767,-73.94313,1
2023/10/15 00:00:00.000,40.81394,-73.948425,1
2023/10/15 00:00:00.000,40.804417,-73.955376,1
2023/10/16 00:00:00.000,40.792362,-73.96418,1
2023/10/16 00:00:00.000,40.757233,-73.9898,1
2023/10/16 00:00:00.000,40.718304,-73.987404,1
2023/10/17 00:00:00.000,40.77622,-73.97596,1
2023/10/17 00:00:00.000,40.80608,-73.96532,1
2023/10/17 00:00:00.000,40.76093,-73.96914,1
2023/10/17 00:00:00.000,40.723686,-73.99648,1
2023/10/17 00:00:00.000,40.835106,-73.94154,1
2023/10/17 00:00:00.000,40.714165,-74.00632,1
2023/10/17 00:00:00.000,40.76889,-73.9821,1
2023/10/17 00:00:00.000,40.72363,-74.01148,1
2023/10/18 00:00:00.000,40.719970000000004,-73.992905,1
2023/10/19 00:00:00.000,40.753242,-73.96662,1
2023/10/19 00:00:00.000,40.751575,-73.982285,1
2023/10/19 00:00:00.000,40.72163,-73.99354,1
2023/10/19 00:00:00.000,40.747925,-73.97362,1
2023/10/19 00:00:00.000,40.714928,-74.00795,1
2023/10/19 00:00:00.000,40.80931,-73.94912,2
2023/10/20 00:00:00.000,40.77593,-73.94713,1
2023/10/20 00:00:00.000,40.72032,-73.99405,1
2023/10/20 00:00:00.000,40.740704,-74.001854,1
2023/10/21 00:00:00.000,40.80897,-73.94833,1
2023/10/21 00:00:00.000,40.810364,-73.9473,2
2023/10/21 00:00:00.000,40.78095,-73.96117,1
2023/10/21 00:00:00.000,40.79734,-73.94046,1
2023/10/21 00:00:00.000,40.79157,-73.94469,1
2023/10/21 00:00:00.000,40.805096,-73.95488,1
2023/10/22 00:00:00.000,40.73656,-74.0011,1
2023/10/22 00:00:00.000,40.75695,-73.98706,1
2023/10/22 00:00:00.000,40.7591,-73.99214,1
2023/10/23 00:00:00.000,40.749603,-73.97951,1
2023/10/23 00:00:00.000,40.784245,-73.9471,1
2023/10/23 00:00:00.000,40.820827,-73.950836,1
2023/10/24 00:00:00.000,40.796738,-73.96098,1
2023/10/24 00:00:00.000,40.752262,-73.97547,1
2023/10/24 00:00:00.000,40.72877,-74.007095,1
2023/10/24 00:00:00.000,40.732384,-74.01036,1
2023/10/24 00:00:00.000,40.73978,-73.97951,1
2023/10/25 00:00:00.000,40.732384,-74.01036,1
2023/10/25 00:00:00.000,40.81218,-73.955246,1
2023/10/25 00:00:00.000,40.760227,-73.961525,1
2023/10/25 00:00:00.000,40.84105,-73.94469,1
2023/10/25 00:00:00.000,40.754177,-73.984604,1
2023/10/25 00:00:00.000,40.756035,-73.98695,1
2023/10/25 00:00:00.000,40.744064,-73.987755,1
2023/10/25 00:00:00.000,40.741356,-73.989136,1
2023/10/26 00:00:00.000,40.715244,-74.00867,1
2023/10/26 00:00:00.000,40.812813,-73.94181,2
2023/10/26 00:00:00.000,40.761856,-73.96343,1
2023/10/26 00:00:00.000,40.767185,-73.98997,1
2023/10/27 00:00:00.000,40.724255,-73.98485,1
2023/10/27 00:00:00.000,40.784462,-73.97737,1
2023/10/27 00:00:00.000,40.760353,-73.99124,1
2023/10/27 00:00:00.000,40.82803,-73.934845,1
2023/10/27 00:00:00.000,40.85206,-73.934784,1
2023/10/27 00:00:00.000,40.784245,-73.9471,1
2023/10/28 00:00:00.000,0,0,1
2023/10/28 00:00:00.000,40.79166,-73.96469,1
2023/10/28 00:00:00.000,40.750294,-73.99485,1
2023/10/28 00:00:00.000,40.745422,-73.990974,1
2023/10/28 00:00:00.000,40.76229,-73.986115,1
2023/10/29 00:00:00.000,40.781193,-73.97975,1
2023/10/30 00:00:00.000,40.807026,-73.94374,1
2023/10/30 00:00:00.000,40.759617,-73.961975,1
2023/10/31 00:00:00.000,40.765095,-73.9821,1
2023/10/31 00:00:00.000,40.80133,-73.950195,1
2023/10/31 00:00:00.000,40.759617,-73.961975,1
2023/10/31 00:00:00.000,40.83616,-73.93961,1
2023/10/31 00:00:00.000,40.813618,-73.95644,1
2023/10/31 00:00:00.000,40.74291,-73.99281,1
2023/10/31 00:00:00.000,40.72125,-73.99224,1
2023/10/31 00:00:00.000,40.73723,-74.000656,1
2023/11/01 00:00:00.000,40.805042,-73.936935,1
2023/11/01 00:00:00.000,40.817596,-73.95319,2
2023/11/01 00:00:00.000,40.752895,-73.98925,1
2023/11/01 00:00:00.000,40.760365,-73.97377,1
2023/11/01 00:00:00.000,40.80608,-73.96532,1
2023/11/01 00:00:00.000,40.781185,-73.952286,1
2023/11/02 00:00:00.000,40.750603,-73.97995,1
2023/11/02 00:00:00.000,40.774654,-73.9541,1
2023/11/02 00:00:00.000,40.72262,-73.99316,1
2023/11/02 00:00:00.000,40.726994,-73.98882,1
2023/11/03 00:00:00.000,40.723423,-73.99962,1
2023/11/03 00:00:00.000,40.784245,-73.9471,1
2023/11/03 00:00:00.000,40.764053,-73.96476,1
2023/11/03 00:00:00.000,40.759262,-73.988335,1
2023/11/04 00:00:00.000,40.718143,-73.993835,1
2023/11/04 00:00:00.000,40.73986,-73.995026,1
2023/11/04 00:00:00.000,40.72103,-73.984055,1
2023/11/04 00:00:00.000,40.742252,-74.00071,1
2023/11/04 00:00:00.000,40.760403,-73.98748,1
2023/11/04 00:00:00.000,40.76214,-73.97204,1
2023/11/04 00:00:00.000,40.767815,-73.98951,1
2023/11/04 00:00:00.000,40.784462,-73.97737,1
2023/11/04 00:00:00.000,40.787163,-73.97169,1
2023/11/04 00:00:00.000,40.75898,-73.99595,1
2023/11/05 00:00:00.000,40.81183,-73.96112,1
2023/11/05 00:00:00.000,40.763374,-73.99647,1
2023/11/05 00:00:00.000,40.80545,-73.965775,1
2023/11/05 00:00:00.000,40.74291,-73.99281,1
2023/11/06 00:00:00.000,40.761234,-73.96389,1
2023/11/06 00:00:00.000,40.822735,-73.94763,1
2023/11/06 00:00:00.000,40.72192,-73.99004,1
2023/11/06 00:00:00.000,40.718246,-73.99413,1
2023/11/06 00:00:00.000,40.745823,-74.001816,1
2023/11/07 00:00:00.000,40.762856,-73.98942,1
2023/11/07 00:00:00.000,40.78744,-73.94478,1
2023/11/07 00:00:00.000,40.783844,-73.979996,1
2023/11/07 00:00:00.000,40.764053,-73.96476,1
2023/11/07 00:00:00.000,40.723648,-73.98529,1
2023/11/08 00:00:00.000,40.782036,-73.98288,1
2023/11/09 00:00:00.000,40.798622,-73.94163,1
2023/11/09 00:00:00.000,40.771103,-73.96383,1
2023/11/09 00:00:00.000,40.799976,-73.94274,1
2023/11/09 00:00:00.000,40.777527,-73.975006,1
2023/11/09 00:00:00.000,40.83869,-73.94151,2
2023/11/09 00:00:00.000,40.80698,-73.95351,1
2023/11/09 00:00:00.000,40.783245,-73.94473,1
2023/11/10 00:00:00.000,40.84784,-73.93953,1
2023/11/10 00:00:00.000,40.774906,-73.97692,1
2023/11/11 00:00:00.000,40.76221,-73.9879,1
2023/11/11 00:00:00.000,40.788994,-73.94656,1
2023/11/11 00:00:00.000,40.76155,-73.96659,1
2023/11/11 00:00:00.000,40.734467,-73.99988,1
2023/11/11 00:00:00.000,40.740135,-73.99203,1
2023/11/11 00:00:00.000,40.729527,-73.98388,1
2023/11/11 00:00:00.000,40.73135,-73.98256,1
2023/11/12 00:00:00.000,40.767235,-73.979965000000007,1
2023/11/12 00:00:00.000,40.812008,-73.951515,1
2023/11/13 00:00:00.000,40.758537,-73.97721,1
2023/11/13 00:00:00.000,40.771053,-73.98715,1
2023/11/13 00:00:00.000,40.72605,-73.98354,1
2023/11/14 00:00:00.000,40.784603,-73.97768,1
2023/11/14 00:00:00.000,40.752377,-73.97035,1
2023/11/14 00:00:00.000,40.799305,-73.94324,2
2023/11/14 00:00:00.000,40.789097,-73.938805,1
2023/11/15 00:00:00.000,40.82653,-73.94667,1
2023/11/15 00:00:00.000,40.75533,-73.99119,1
2023/11/15 00:00:00.000,40.753975,-73.98604,1
2023/11/16 00:00:00.000,40.76711,-73.98173,1
2023/11/16 00:00:00.000,40.776867,-73.955414,1
2023/11/16 00:00:00.000,40.847374,-73.939735,1
2023/11/16 00:00:00.000,40.797867,-73.96759,1
2023/11/16 00:00:00.000,0,0,1
2023/11/16 00:00:00.000,40.825333,-73.943825,1
2023/11/16 00:00:00.000,40.80641,-73.9502,1
2023/11/17 00:00:00.000,40.752617,-73.99451,1
2023/11/17 00:00:00.000,40.780437,-73.94989,1
2023/11/17 00:00:00.000,40.74209,-73.984985,1
2023/11/17 00:00:00.000,40.716988,-73.99825,1
2023/11/18 00:00:00.000,40.755505,-73.96807,1
2023/11/18 00:00:00.000,40.7606,-73.964325,1
2023/11/18 00:00:00.000,40.759644,-73.98064,1
2023/11/18 00:00:00.000,40.798958,-73.9424,1
2023/11/18 00:00:00.000,40.761658,-73.986565,1
2023/11/19 00:00:00.000,40.80506,-73.94117,1
2023/11/19 00:00:00.000,40.719482,-73.991295,1
2023/11/19 00:00:00.000,40.811264,-73.95782,1
2023/11/19 00:00:00.000,40.756886,-73.96943,1
2023/11/19 00:00:00.000,40.729286,-74.001465,1
2023/11/20 00:00:00.000,40.761787,-73.96519,1
2023/11/20 00:00:00.000,40.817173,-73.94607,1
2023/11/20 00:00:00.000,40.827774,-73.945755,1
2023/11/20 00:00:00.000,40.73012,-73.98947,1
2023/11/21 00:00:00.000,40.77291,-73.962524,1
2023/11/21 00:00:00.000,40.75969,-73.97605,1
2023/11/21 00:00:00.000,40.741028,-73.99417,1
2023/11/21 00:00:00.000,40.758736,-73.97961,1
2023/11/21 00:00:00.000,40.777092,-73.98211,1
2023/11/22 00:00:00.000,40.80016,-73.93538,1
2023/11/22 00:00:00.000,40.71484,-74.00943,1
2023/11/23 00:00:00.000,40.74209,-73.984985,1
2023/11/24 00:00:00.000,40.86357,-73.92602,1
2023/11/24 00:00:00.000,40.732754,-73.99004,1
2023/11/24 00:00:00.000,40.790253,-73.94564,1
2023/11/25 00:00:00.000,40.717922,-73.9931,1
2023/11/27 00:00:00.000,40.7991,-73.96855,1
2023/11/27 00:00:00.000,40.734894,-74.00613,1
2023/11/27 00:00:00.000,40.74701,-73.977196,1
2023/11/28 00:00:00.000,40.732296,-73.981735,1
2023/11/28 00:00:00.000,40.714928,-74.00795,1
2023/11/29 00:00:00.000,40.740208,-73.99479,1
2023/11/30 00:00:00.000,40.761486,-73.96061,1
2023/12/01 00:00:00.000,40.712463,-73.99241,1
